Trace number;;Result;;_loc_world;_loc_bt_root_fsm_bt_tree;_loc_1000_SequenceWithMemory;_loc_1001_NavigateAction;_loc_1002_PickAction;_loc_1003_NavigateAction;_loc_1004_PlaceAction;_loc_action_handler_go_to_goal;_loc_action_handler_pick_object;_loc_action_handler_place_object;_loc_autogenerated_global_timer;_loc_action_go_to_goal_goal_handle;_loc_action_go_to_goal_goal_accepted;_loc_action_pick_object_goal_handle;_loc_action_pick_object_goal_accepted;_loc_action_place_object_goal_handle;_loc_action_place_object_goal_accepted;_loc_action_place_object_result;_loc_topic_snacks0_loc_msg;_loc_action_go_to_goal_result;_loc_action_pick_object_result;_loc_bt_1000_tick;_loc_bt_1000_response;_loc_bt_1001_tick;_loc_bt_1002_tick;_loc_bt_1003_tick;_loc_bt_1004_tick;_loc_bt_1001_halt;_loc_bt_1002_halt;_loc_bt_1003_halt;_loc_bt_1004_halt;_loc_bt_1001_halt_response;_loc_bt_1002_halt_response;_loc_bt_1003_halt_response;_loc_bt_1004_halt_response;_loc_bt_1000_halt_response;_loc_bt_1001_response;_loc_bt_1002_response;_loc_bt_1003_response;_loc_bt_1004_response;_loc_action_go_to_goal_goal_req_client_1001_NavigateAction;_loc_action_go_to_goal_result_handle_client_1001_NavigateAction;_loc_action_pick_object_goal_req_client_1002_PickAction;_loc_action_pick_object_result_handle_client_1002_PickAction;_loc_action_go_to_goal_goal_req_client_1003_NavigateAction;_loc_action_go_to_goal_result_handle_client_1003_NavigateAction;_loc_action_place_object_goal_req_client_1004_PlaceAction;_loc_action_place_object_result_handle_client_1004_PlaceAction;_loc_action_go_to_goal_feedback_handle_client_1001_NavigateAction;_loc_action_go_to_goal_feedback_handle_client_1003_NavigateAction;_loc_action_go_to_goal_goal_accept_client_1001_NavigateAction;_loc_action_go_to_goal_goal_accept_client_1003_NavigateAction;_loc_action_go_to_goal_goal_reject_client_1001_NavigateAction;_loc_action_go_to_goal_goal_reject_client_1003_NavigateAction;_loc_action_pick_object_feedback_handle_client_1002_PickAction;_loc_action_pick_object_goal_accept_client_1002_PickAction;_loc_action_pick_object_goal_reject_client_1002_PickAction;_loc_action_place_object_feedback_handle_client_1004_PlaceAction;_loc_action_place_object_goal_accept_client_1004_PlaceAction;_loc_action_place_object_goal_reject_client_1004_PlaceAction;_loc_topic_clock_msg;;action_go_to_goal_goal_handle.valid;action_go_to_goal_goal_accepted.valid;action_pick_object_goal_handle.valid;action_pick_object_goal_accepted.valid;action_place_object_goal_handle.valid;action_place_object_goal_accepted.valid;action_place_object_result.valid;topic_snacks0_loc_msg.valid;action_go_to_goal_result.valid;action_pick_object_result.valid;bt_1000_tick.valid;bt_1000_response.valid;bt_1001_tick.valid;bt_1002_tick.valid;bt_1003_tick.valid;bt_1004_tick.valid;bt_1001_halt.valid;bt_1002_halt.valid;bt_1003_halt.valid;bt_1004_halt.valid;bt_1001_halt_response.valid;bt_1002_halt_response.valid;bt_1003_halt_response.valid;bt_1004_halt_response.valid;bt_1000_halt_response.valid;bt_1001_response.valid;bt_1002_response.valid;bt_1003_response.valid;bt_1004_response.valid;action_go_to_goal_goal_req_client_1001_NavigateAction.valid;action_go_to_goal_result_handle_client_1001_NavigateAction.valid;action_pick_object_goal_req_client_1002_PickAction.valid;action_pick_object_result_handle_client_1002_PickAction.valid;action_go_to_goal_goal_req_client_1003_NavigateAction.valid;action_go_to_goal_result_handle_client_1003_NavigateAction.valid;action_place_object_goal_req_client_1004_PlaceAction.valid;action_place_object_result_handle_client_1004_PlaceAction.valid;action_go_to_goal_feedback_handle_client_1001_NavigateAction.valid;action_go_to_goal_feedback_handle_client_1003_NavigateAction.valid;action_go_to_goal_goal_accept_client_1001_NavigateAction.valid;action_go_to_goal_goal_accept_client_1003_NavigateAction.valid;action_go_to_goal_goal_reject_client_1001_NavigateAction.valid;action_go_to_goal_goal_reject_client_1003_NavigateAction.valid;action_pick_object_feedback_handle_client_1002_PickAction.valid;action_pick_object_goal_accept_client_1002_PickAction.valid;action_pick_object_goal_reject_client_1002_PickAction.valid;action_place_object_feedback_handle_client_1004_PlaceAction.valid;action_place_object_goal_accept_client_1004_PlaceAction.valid;action_place_object_goal_reject_client_1004_PlaceAction.valid;topic_clock_msg.valid;1000_SequenceWithMemory_seq_success;1001_NavigateAction_tmp_result;1002_PickAction_tmp_result;1003_NavigateAction_tmp_result;1004_PlaceAction_tmp_result;action_go_to_goal_goal_handle__goal_id;action_go_to_goal_goal_handle__ros_fields__loc_id;action_go_to_goal_goal_accepted__goal_id;action_pick_object_goal_handle__goal_id;action_pick_object_goal_handle__ros_fields__object_id;action_pick_object_goal_accepted__goal_id;action_place_object_goal_handle__goal_id;action_place_object_goal_accepted__goal_id;action_place_object_result__goal_id;action_place_object_result__code;topic_snacks0_loc_msg__ros_fields__data;action_go_to_goal_result__goal_id;action_go_to_goal_result__code;action_pick_object_result__goal_id;action_pick_object_result__code;bt_1000_response__status;bt_1001_response__status;bt_1002_response__status;bt_1003_response__status;bt_1004_response__status;action_go_to_goal_goal_req_client_1001_NavigateAction__ros_fields__loc_id;action_go_to_goal_result_handle_client_1001_NavigateAction__code;action_pick_object_goal_req_client_1002_PickAction__ros_fields__object_id;action_pick_object_result_handle_client_1002_PickAction__code;action_go_to_goal_goal_req_client_1003_NavigateAction__ros_fields__loc_id;action_go_to_goal_result_handle_client_1003_NavigateAction__code;action_place_object_result_handle_client_1004_PlaceAction__code;topic_clock_msg__ros_fields__sec;topic_clock_msg__ros_fields__nanosec;world_obj_locs.d1_len;world_robot_loc;world_robot_holding;world_goal_id;world_req_obj_idx;world_req_loc_idx;1000_SequenceWithMemory_current_child_idx;action_handler_go_to_goal_ros_fields__loc_id;action_handler_go_to_goal_goal_id;action_handler_go_to_goal_code;action_handler_pick_object_ros_fields__object_id;action_handler_pick_object_goal_id;action_handler_pick_object_code;action_handler_place_object_goal_id;action_handler_place_object_code;autogenerated_global_timer_current_time;world_obj_locs_at_0;

0;;;;22;2;6;0;0;0;0;9;7;7;0;1;1;1;1;1;1;1;0;1;1;1;1;1;1;1;1;1;1;1;1;1;1;1;1;0;1;1;1;1;1;1;1;1;1;1;1;1;0;0;0;0;0;0;0;0;0;0;0;0;0;;false;false;false;false;false;false;false;false;false;false;false;false;false;false;false;false;false;false;false;false;false;false;false;false;false;false;false;false;false;false;false;false;false;false;false;false;false;false;false;false;false;false;false;false;false;false;false;false;false;false;false;false;false;false;false;0;0;0;0;0;0;0;0;0;0;0;0;0;0;0;0;0;0;0;0;0;0;0;0;0;0;0;0;0;1;1;-1;0;0;0;0;0;0;0;0;0;0;0;0;0;0;
0;;;;23;2;6;0;0;0;0;9;7;7;0;1;1;1;1;1;1;1;0;1;1;1;1;1;1;1;1;1;1;1;1;1;1;1;1;0;1;1;1;1;1;1;1;1;1;1;1;1;0;0;0;0;0;0;0;0;0;0;0;0;0;;false;false;false;false;false;false;false;false;false;false;false;false;false;false;false;false;false;false;false;false;false;false;false;false;false;false;false;false;false;false;false;false;false;false;false;false;false;false;false;false;false;false;false;false;false;false;false;false;false;false;false;false;false;false;false;0;0;0;0;0;0;0;0;0;0;0;0;0;0;0;0;0;0;0;0;0;0;0;0;0;0;0;0;0;1;1;-1;0;0;0;0;0;0;0;0;0;0;0;0;0;0;
0;;;;13;2;6;0;0;0;0;9;7;7;0;1;1;1;1;1;1;1;0;1;1;1;1;1;1;1;1;1;1;1;1;1;1;1;1;0;1;1;1;1;1;1;1;1;1;1;1;1;0;0;0;0;0;0;0;0;0;0;0;0;0;;false;false;false;false;false;false;false;true;false;false;false;false;false;false;false;false;false;false;false;false;false;false;false;false;false;false;false;false;false;false;false;false;false;false;false;false;false;false;false;false;false;false;false;false;false;false;false;false;false;false;false;false;false;false;false;0;0;0;0;0;0;0;0;0;0;0;0;0;0;0;0;0;0;0;0;0;0;0;0;0;0;0;0;0;1;1;-1;0;0;0;0;0;0;0;0;0;0;0;0;0;0;
0;;;;13;2;6;0;0;0;0;9;7;7;1;1;1;1;1;1;1;1;0;1;1;1;1;1;1;1;1;1;1;1;1;1;1;1;1;0;1;1;1;1;1;1;1;1;1;1;1;1;0;0;0;0;0;0;0;0;0;0;0;0;0;;false;false;false;false;false;false;false;true;false;false;false;false;false;false;false;false;false;false;false;false;false;false;false;false;false;false;false;false;false;false;false;false;false;false;false;false;false;false;false;false;false;false;false;false;false;false;false;false;false;false;false;false;false;false;false;0;0;0;0;0;0;0;0;0;0;0;0;0;0;0;0;0;0;0;0;0;0;0;0;0;0;0;0;0;1;1;-1;0;0;0;0;0;0;0;0;0;0;0;0;1;0;
0;;;;13;2;113;0;0;0;0;9;7;7;1;1;1;1;1;1;1;1;0;1;1;1;1;1;1;1;1;1;1;1;1;1;1;1;1;0;1;1;1;1;1;1;1;1;1;1;1;1;0;0;0;0;0;0;0;0;0;0;0;0;0;;false;false;false;false;false;false;false;true;false;false;false;false;false;false;false;false;false;false;false;false;false;false;false;false;false;false;false;false;false;false;false;false;false;false;false;false;false;false;false;false;false;false;false;false;false;false;false;false;false;false;false;false;false;false;false;0;0;0;0;0;0;0;0;0;0;0;0;0;0;0;0;0;0;0;0;0;0;0;0;0;0;0;0;0;1;1;-1;0;0;0;0;0;0;0;0;0;0;0;0;1;0;
0;;;;13;2;113;0;0;0;0;9;7;7;3;1;1;1;1;1;1;1;0;1;1;1;1;1;1;1;1;1;1;1;1;1;1;1;1;0;1;1;1;1;1;1;1;1;1;1;1;1;0;0;0;0;0;0;0;0;0;0;0;0;0;;false;false;false;false;false;false;false;true;false;false;false;false;false;false;false;false;false;false;false;false;false;false;false;false;false;false;false;false;false;false;false;false;false;false;false;false;false;false;false;false;false;false;false;false;false;false;false;false;false;true;false;false;false;false;false;0;0;0;0;0;0;0;0;0;0;0;0;0;0;0;0;0;0;0;0;0;0;0;0;0;0;0;1;0;1;1;-1;0;0;0;0;0;0;0;0;0;0;0;0;1;0;
0;;;;13;2;113;0;0;0;0;9;7;7;4;1;1;1;1;1;1;1;0;1;1;1;1;1;1;1;1;1;1;1;1;1;1;1;1;0;1;1;1;1;1;1;1;1;1;1;1;1;0;0;0;0;0;0;0;0;0;0;0;0;0;;false;false;false;false;false;false;false;true;false;false;false;false;false;false;false;false;false;false;false;false;false;false;false;false;false;false;false;false;false;false;false;false;false;false;false;false;false;false;false;false;false;false;false;false;false;false;false;false;false;true;false;false;false;false;false;0;0;0;0;0;0;0;0;0;0;0;0;0;0;0;0;0;0;0;0;0;0;0;0;0;0;0;1;0;1;1;-1;0;0;0;0;0;0;0;0;0;0;0;0;1;0;
0;;;;13;3;113;0;0;0;0;9;7;7;2;1;1;1;1;1;1;1;0;1;1;1;1;1;1;1;1;1;1;1;1;1;1;1;1;0;1;1;1;1;1;1;1;1;1;1;1;1;0;0;0;0;0;0;0;0;0;0;0;0;0;;false;false;false;false;false;false;false;true;false;false;false;false;false;false;false;false;false;false;false;false;false;false;false;false;false;false;false;false;false;false;false;false;false;false;false;false;false;false;false;false;false;false;false;false;false;false;false;false;false;true;false;false;false;false;false;0;0;0;0;0;0;0;0;0;0;0;0;0;0;0;0;0;0;0;0;0;0;0;0;0;0;0;1;0;1;1;-1;0;0;0;0;0;0;0;0;0;0;0;0;1;0;
0;;;;13;4;113;0;0;0;0;9;7;7;2;1;1;1;1;1;1;1;0;1;1;0;1;1;1;1;1;1;1;1;1;1;1;1;1;0;1;1;1;1;1;1;1;1;1;1;1;1;0;0;0;0;0;0;0;0;0;0;0;0;0;;false;false;false;false;false;false;false;true;false;false;true;false;false;false;false;false;false;false;false;false;false;false;false;false;false;false;false;false;false;false;false;false;false;false;false;false;false;false;false;false;false;false;false;false;false;false;false;false;false;true;false;false;false;false;false;0;0;0;0;0;0;0;0;0;0;0;0;0;0;0;0;0;0;0;0;0;0;0;0;0;0;0;1;0;1;1;-1;0;0;0;0;0;0;0;0;0;0;0;0;1;0;
0;;;;13;4;113;0;0;0;0;9;7;7;0;1;1;1;1;1;1;1;0;1;1;0;1;1;1;1;1;1;1;1;1;1;1;1;1;0;1;1;1;1;1;1;1;1;1;1;1;1;0;0;0;0;0;0;0;0;0;0;0;0;0;;false;false;false;false;false;false;false;true;false;false;true;false;false;false;false;false;false;false;false;false;false;false;false;false;false;false;false;false;false;false;false;false;false;false;false;false;false;false;false;false;false;false;false;false;false;false;false;false;false;true;false;false;false;false;false;0;0;0;0;0;0;0;0;0;0;0;0;0;0;0;0;0;0;0;0;0;0;0;0;0;0;0;1;0;1;1;-1;0;0;0;0;0;0;0;0;0;0;0;0;1;0;
0;;;;13;4;115;0;0;0;0;9;7;7;0;1;1;1;1;1;1;1;0;1;1;1;1;1;1;1;1;1;1;1;1;1;1;1;1;0;1;1;1;1;1;1;1;1;1;1;1;1;0;0;0;0;0;0;0;0;0;0;0;0;0;;false;false;false;false;false;false;false;true;false;false;true;false;false;false;false;false;false;false;false;false;false;false;false;false;false;false;false;false;false;false;false;false;false;false;false;false;false;false;false;false;false;false;false;false;false;false;false;false;false;true;false;false;false;false;false;0;0;0;0;0;0;0;0;0;0;0;0;0;0;0;0;0;0;0;0;0;0;0;0;0;0;0;1;0;1;1;-1;0;0;0;0;0;0;0;0;0;0;0;0;1;0;
0;;;;13;4;115;0;0;0;0;9;7;7;1;1;1;1;1;1;1;1;0;1;1;1;1;1;1;1;1;1;1;1;1;1;1;1;1;0;1;1;1;1;1;1;1;1;1;1;1;1;0;0;0;0;0;0;0;0;0;0;0;0;0;;false;false;false;false;false;false;false;true;false;false;true;false;false;false;false;false;false;false;false;false;false;false;false;false;false;false;false;false;false;false;false;false;false;false;false;false;false;false;false;false;false;false;false;false;false;false;false;false;false;true;false;false;false;false;false;0;0;0;0;0;0;0;0;0;0;0;0;0;0;0;0;0;0;0;0;0;0;0;0;0;0;0;1;0;1;1;-1;0;0;0;0;0;0;0;0;0;0;0;0;2;0;
0;;;;13;4;117;0;0;0;0;9;7;7;1;1;1;1;1;1;1;1;0;1;1;1;1;1;1;1;1;1;1;1;1;1;1;1;1;0;1;1;1;1;1;1;1;1;1;1;1;1;0;0;0;0;0;0;0;0;0;0;0;0;0;;false;false;false;false;false;false;false;true;false;false;true;false;false;false;false;false;false;false;false;false;false;false;false;false;false;false;false;false;false;false;false;false;false;false;false;false;false;false;false;false;false;false;false;false;false;false;false;false;false;true;false;false;false;false;false;0;0;0;0;0;0;0;0;0;0;0;0;0;0;0;0;0;0;0;0;0;0;0;0;0;0;0;1;0;1;1;-1;0;0;0;0;0;0;0;0;0;0;0;0;2;0;
0;;;;13;4;118;0;0;0;0;9;7;7;1;1;1;1;1;1;1;1;0;1;1;1;1;1;1;1;1;1;1;1;1;1;1;1;1;0;1;1;1;1;1;1;1;1;1;1;1;1;0;0;0;0;0;0;0;0;0;0;0;0;0;;false;false;false;false;false;false;false;true;false;false;true;false;false;false;false;false;false;false;false;false;false;false;false;false;false;false;false;false;false;false;false;false;false;false;false;false;false;false;false;false;false;false;false;false;false;false;false;false;false;true;false;false;false;false;false;0;0;0;0;0;0;0;0;0;0;0;0;0;0;0;0;0;0;0;0;0;0;0;0;0;0;0;1;0;1;1;-1;0;0;0;0;0;0;0;0;0;0;0;0;2;0;
0;;;;13;4;118;0;0;0;0;9;7;7;3;1;1;1;1;1;1;1;0;1;1;1;1;1;1;1;1;1;1;1;1;1;1;1;1;0;1;1;1;1;1;1;1;1;1;1;1;1;0;0;0;0;0;0;0;0;0;0;0;0;0;;false;false;false;false;false;false;false;true;false;false;true;false;false;false;false;false;false;false;false;false;false;false;false;false;false;false;false;false;false;false;false;false;false;false;false;false;false;false;false;false;false;false;false;false;false;false;false;false;false;true;false;false;false;false;false;0;0;0;0;0;0;0;0;0;0;0;0;0;0;0;0;0;0;0;0;0;0;0;0;0;0;0;2;0;1;1;-1;0;0;0;0;0;0;0;0;0;0;0;0;2;0;
0;;;;13;4;116;0;0;0;0;9;7;7;3;1;1;1;1;1;1;1;0;1;1;1;1;0;1;1;1;1;1;1;1;1;1;1;1;0;1;1;1;1;1;1;1;1;1;1;1;1;0;0;0;0;0;0;0;0;0;0;0;0;0;;false;false;false;false;false;false;false;true;false;false;true;false;true;false;false;false;false;false;false;false;false;false;false;false;false;false;false;false;false;false;false;false;false;false;false;false;false;false;false;false;false;false;false;false;false;false;false;false;false;true;false;false;false;false;false;0;0;0;0;0;0;0;0;0;0;0;0;0;0;0;0;0;0;0;0;0;0;0;0;0;0;0;2;0;1;1;-1;0;0;0;0;0;0;0;0;0;0;0;0;2;0;
0;;;;13;4;116;0;0;0;0;9;7;7;4;1;1;1;1;1;1;1;0;1;1;1;1;0;1;1;1;1;1;1;1;1;1;1;1;0;1;1;1;1;1;1;1;1;1;1;1;1;0;0;0;0;0;0;0;0;0;0;0;0;0;;false;false;false;false;false;false;false;true;false;false;true;false;true;false;false;false;false;false;false;false;false;false;false;false;false;false;false;false;false;false;false;false;false;false;false;false;false;false;false;false;false;false;false;false;false;false;false;false;false;true;false;false;false;false;false;0;0;0;0;0;0;0;0;0;0;0;0;0;0;0;0;0;0;0;0;0;0;0;0;0;0;0;2;0;1;1;-1;0;0;0;0;0;0;0;0;0;0;0;0;2;0;
0;;;;13;4;114;0;0;0;0;9;7;7;4;1;1;1;1;1;1;1;0;1;1;1;1;0;1;1;1;1;1;1;1;1;1;1;1;0;1;1;1;1;1;1;1;1;1;1;1;1;0;0;0;0;0;0;0;0;0;0;0;0;0;;false;false;false;false;false;false;false;true;false;false;true;false;true;false;false;false;false;false;false;false;false;false;false;false;false;false;false;false;false;false;false;false;false;false;false;false;false;false;false;false;false;false;false;false;false;false;false;false;false;true;false;false;false;false;false;0;0;0;0;0;0;0;0;0;0;0;0;0;0;0;0;0;0;0;0;0;0;0;0;0;0;0;2;0;1;1;-1;0;0;0;0;0;0;0;0;0;0;0;0;2;0;
0;;;;13;4;114;1;0;0;0;9;7;7;4;1;1;1;1;1;1;1;0;1;1;1;1;1;1;1;1;1;1;1;1;1;1;1;1;0;1;1;1;1;1;1;1;1;1;1;1;1;0;0;0;0;0;0;0;0;0;0;0;0;0;;false;false;false;false;false;false;false;true;false;false;true;false;true;false;false;false;false;false;false;false;false;false;false;false;false;false;false;false;false;false;false;false;false;false;false;false;false;false;false;false;false;false;false;false;false;false;false;false;false;true;false;false;false;false;false;0;0;0;0;0;0;0;0;0;0;0;0;0;0;0;0;0;0;0;0;0;0;0;0;0;0;0;2;0;1;1;-1;0;0;0;0;0;0;0;0;0;0;0;0;2;0;
0;;;;13;4;114;2;0;0;0;9;7;7;4;1;1;1;1;1;1;1;0;1;1;1;1;1;1;1;1;1;1;1;1;1;1;1;1;0;1;1;1;1;0;1;1;1;1;1;1;1;0;0;0;0;0;0;0;0;0;0;0;0;0;;false;false;false;false;false;false;false;true;false;false;true;false;true;false;false;false;false;false;false;false;false;false;false;false;false;false;false;false;false;true;false;false;false;false;false;false;false;false;false;false;false;false;false;false;false;false;false;false;false;true;false;false;false;false;false;0;0;0;0;0;0;0;0;0;0;0;0;0;0;0;0;0;0;0;0;0;0;0;0;0;0;0;2;0;1;1;-1;0;0;0;0;0;0;0;0;0;0;0;0;2;0;
0;;;;13;4;114;10;0;0;0;9;7;7;4;1;1;1;1;1;1;1;0;1;1;1;1;1;1;1;1;1;1;1;1;1;1;1;1;0;0;1;1;1;0;1;1;1;1;1;1;1;0;0;0;0;0;0;0;0;0;0;0;0;0;;false;false;false;false;false;false;false;true;false;false;true;false;true;false;false;false;false;false;false;false;false;false;false;false;false;true;false;false;false;true;false;false;false;false;false;false;false;false;false;false;false;false;false;false;false;false;false;false;false;true;false;false;false;false;false;0;0;0;0;0;0;0;0;0;0;0;0;0;0;0;0;3;0;0;0;0;0;0;0;0;0;0;2;0;1;1;-1;0;0;0;0;0;0;0;0;0;0;0;0;2;0;
0;;;;13;4;44;10;0;0;0;9;7;7;4;1;1;1;1;1;1;1;0;1;1;1;1;1;1;1;1;1;1;1;1;1;1;1;1;0;0;1;1;1;0;1;1;1;1;1;1;1;0;0;0;0;0;0;0;0;0;0;0;0;0;;false;false;false;false;false;false;false;true;false;false;true;false;true;false;false;false;false;false;false;false;false;false;false;false;false;true;false;false;false;true;false;false;false;false;false;false;false;false;false;false;false;false;false;false;false;false;false;false;false;true;false;false;false;false;false;0;0;0;0;0;0;0;0;0;0;0;0;0;0;0;0;3;0;0;0;0;0;0;0;0;0;0;2;0;1;1;-1;0;0;0;0;0;0;0;0;0;0;0;0;2;0;
0;;;;13;4;75;10;0;0;0;9;7;7;4;1;1;1;1;1;1;1;0;1;1;1;1;1;1;1;1;1;1;1;1;1;1;1;1;0;1;1;1;1;0;1;1;1;1;1;1;1;0;0;0;0;0;0;0;0;0;0;0;0;0;;false;false;false;false;false;false;false;true;false;false;true;false;true;false;false;false;false;false;false;false;false;false;false;false;false;true;false;false;false;true;false;false;false;false;false;false;false;false;false;false;false;false;false;false;false;false;false;false;false;true;false;false;false;false;false;0;0;0;0;0;0;0;0;0;0;0;0;0;0;0;0;3;0;0;0;0;0;0;0;0;0;0;2;0;1;1;-1;0;0;0;0;0;0;0;0;0;0;0;0;2;0;
0;;;;13;4;113;10;0;0;0;9;7;7;4;1;1;1;1;1;1;1;0;1;1;1;0;1;1;1;1;1;1;1;1;1;1;1;1;0;1;1;1;1;0;1;1;1;1;1;1;1;0;0;0;0;0;0;0;0;0;0;0;0;0;;false;false;false;false;false;false;false;true;false;false;true;true;true;false;false;false;false;false;false;false;false;false;false;false;false;true;false;false;false;true;false;false;false;false;false;false;false;false;false;false;false;false;false;false;false;false;false;false;false;true;false;false;false;false;false;0;0;0;0;0;0;0;0;0;0;0;0;0;0;0;3;3;0;0;0;0;0;0;0;0;0;0;2;0;1;1;-1;0;0;0;0;0;0;0;0;0;0;0;0;2;0;
0;;;;13;4;113;10;0;0;0;19;7;7;4;1;1;1;1;1;1;1;0;1;1;1;0;1;1;1;1;1;1;1;1;1;1;1;1;0;1;1;1;1;1;1;1;1;1;1;1;1;0;0;0;0;0;0;0;0;0;0;0;0;0;;false;false;false;false;false;false;false;true;false;false;true;true;true;false;false;false;false;false;false;false;false;false;false;false;false;true;false;false;false;true;false;false;false;false;false;false;false;false;false;false;false;false;false;false;false;false;false;false;false;true;false;false;false;false;false;0;0;0;0;0;0;0;0;0;0;0;0;0;0;0;3;3;0;0;0;0;0;0;0;0;0;0;2;0;1;1;-1;0;0;0;0;0;0;0;0;0;0;0;0;2;0;
0;;;;13;4;113;10;0;0;0;0;7;7;4;0;1;1;1;1;1;1;0;1;1;1;0;1;1;1;1;1;1;1;1;1;1;1;1;0;1;1;1;1;1;1;1;1;1;1;1;1;0;0;0;0;0;0;0;0;0;0;0;0;0;;true;false;false;false;false;false;false;true;false;false;true;true;true;false;false;false;false;false;false;false;false;false;false;false;false;true;false;false;false;true;false;false;false;false;false;false;false;false;false;false;false;false;false;false;false;false;false;false;false;true;false;false;false;false;false;0;0;0;0;0;0;0;0;0;0;0;0;0;0;0;3;3;0;0;0;0;0;0;0;0;0;0;2;0;1;1;-1;0;0;0;0;0;0;0;0;0;0;0;0;2;0;
0;;;;13;2;113;10;0;0;0;0;7;7;4;0;1;1;1;1;1;1;0;1;1;1;1;1;1;1;1;1;1;1;1;1;1;1;1;0;1;1;1;1;1;1;1;1;1;1;1;1;0;0;0;0;0;0;0;0;0;0;0;0;0;;true;false;false;false;false;false;false;true;false;false;true;true;true;false;false;false;false;false;false;false;false;false;false;false;false;true;false;false;false;true;false;false;false;false;false;false;false;false;false;false;false;false;false;false;false;false;false;false;false;true;false;false;false;false;false;0;0;0;0;0;0;0;0;0;0;0;0;0;0;0;3;3;0;0;0;0;0;0;0;0;0;0;2;0;1;1;-1;0;0;0;0;0;0;0;0;0;0;0;0;2;0;
0;;;;21;2;113;10;0;0;0;0;7;7;4;1;1;1;1;1;1;1;0;1;1;1;1;1;1;1;1;1;1;1;1;1;1;1;1;0;1;1;1;1;1;1;1;1;1;1;1;1;0;0;0;0;0;0;0;0;0;0;0;0;0;;true;false;false;false;false;false;false;true;false;false;true;true;true;false;false;false;false;false;false;false;false;false;false;false;false;true;false;false;false;true;false;false;false;false;false;false;false;false;false;false;false;false;false;false;false;false;false;false;false;true;false;false;false;false;false;0;0;0;0;0;0;0;0;0;0;0;0;0;0;0;3;3;0;0;0;0;0;0;0;0;0;0;2;0;1;1;-1;0;0;0;0;0;0;0;0;0;0;0;0;2;0;
0;;;;21;3;113;10;0;0;0;0;7;7;2;1;1;1;1;1;1;1;0;1;1;1;1;1;1;1;1;1;1;1;1;1;1;1;1;0;1;1;1;1;1;1;1;1;1;1;1;1;0;0;0;0;0;0;0;0;0;0;0;0;0;;true;false;false;false;false;false;false;true;false;false;true;true;true;false;false;false;false;false;false;false;false;false;false;false;false;true;false;false;false;true;false;false;false;false;false;false;false;false;false;false;false;false;false;false;false;false;false;false;false;true;false;false;false;false;false;0;0;0;0;0;0;0;0;0;0;0;0;0;0;0;3;3;0;0;0;0;0;0;0;0;0;0;2;0;1;1;-1;0;0;0;0;0;0;0;0;0;0;0;0;2;0;
0;;;;21;3;113;10;0;0;0;0;7;7;0;1;1;1;1;1;1;1;0;1;1;1;1;1;1;1;1;1;1;1;1;1;1;1;1;0;1;1;1;1;1;1;1;1;1;1;1;1;0;0;0;0;0;0;0;0;0;0;0;0;0;;true;false;false;false;false;false;false;true;false;false;true;true;true;false;false;false;false;false;false;false;false;false;false;false;false;true;false;false;false;true;false;false;false;false;false;false;false;false;false;false;false;false;false;false;false;false;false;false;false;true;false;false;false;false;false;0;0;0;0;0;0;0;0;0;0;0;0;0;0;0;3;3;0;0;0;0;0;0;0;0;0;0;2;0;1;1;-1;0;0;0;0;0;0;0;0;0;0;0;0;2;0;
0;;;;21;3;113;10;0;0;0;0;7;7;1;1;1;1;1;1;1;1;0;1;1;1;1;1;1;1;1;1;1;1;1;1;1;1;1;0;1;1;1;1;1;1;1;1;1;1;1;1;0;0;0;0;0;0;0;0;0;0;0;0;0;;true;false;false;false;false;false;false;true;false;false;true;true;true;false;false;false;false;false;false;false;false;false;false;false;false;true;false;false;false;true;false;false;false;false;false;false;false;false;false;false;false;false;false;false;false;false;false;false;false;true;false;false;false;false;false;0;0;0;0;0;0;0;0;0;0;0;0;0;0;0;3;3;0;0;0;0;0;0;0;0;0;0;2;0;1;1;-1;0;0;0;0;0;0;0;0;0;0;0;0;3;0;
0;;;;21;4;113;10;0;0;0;0;7;7;1;1;1;1;1;1;1;1;0;1;1;0;1;1;1;1;1;1;1;1;1;1;1;1;1;0;1;1;1;1;1;1;1;1;1;1;1;1;0;0;0;0;0;0;0;0;0;0;0;0;0;;true;false;false;false;false;false;false;true;false;false;true;true;true;false;false;false;false;false;false;false;false;false;false;false;false;true;false;false;false;true;false;false;false;false;false;false;false;false;false;false;false;false;false;false;false;false;false;false;false;true;false;false;false;false;false;0;0;0;0;0;0;0;0;0;0;0;0;0;0;0;3;3;0;0;0;0;0;0;0;0;0;0;2;0;1;1;-1;0;0;0;0;0;0;0;0;0;0;0;0;3;0;
0;;;;0;4;113;10;0;0;0;0;7;7;1;1;0;1;1;1;1;1;0;1;1;0;1;1;1;1;1;1;1;1;1;1;1;1;1;0;1;1;1;1;1;1;1;1;1;1;1;1;0;0;0;0;0;0;0;0;0;0;0;0;0;;true;true;false;false;false;false;false;true;false;false;true;true;true;false;false;false;false;false;false;false;false;false;false;false;false;true;false;false;false;true;false;false;false;false;false;false;false;false;false;false;false;false;false;false;false;false;false;false;false;true;false;false;false;false;false;0;0;0;0;0;0;0;0;0;0;0;0;0;0;0;3;3;0;0;0;0;0;0;0;0;0;0;2;0;1;1;-1;0;0;0;0;0;0;0;0;0;0;0;0;3;0;
0;;;;1;4;113;10;0;0;0;0;7;7;1;1;0;1;1;1;1;1;0;1;1;0;1;1;1;1;1;1;1;1;1;1;1;1;1;0;1;1;1;1;1;1;1;1;1;1;1;1;0;0;0;0;0;0;0;0;0;0;0;0;0;;true;true;false;false;false;false;false;true;false;false;true;true;true;false;false;false;false;false;false;false;false;false;false;false;false;true;false;false;false;true;false;false;false;false;false;false;false;false;false;false;false;false;false;false;false;false;false;false;false;true;false;false;false;false;false;0;0;0;0;0;0;0;0;0;0;0;0;0;0;0;3;3;0;0;0;0;0;0;0;0;0;0;2;0;1;0;-1;0;0;0;0;0;0;0;0;0;0;0;0;3;0;
0;;;;2;4;113;10;0;0;0;0;7;7;1;1;0;1;1;1;1;1;0;0;1;0;1;1;1;1;1;1;1;1;1;1;1;1;1;0;1;1;1;1;1;1;1;1;1;1;1;1;0;0;0;0;0;0;0;0;0;0;0;0;0;;true;true;false;false;false;false;false;true;true;false;true;true;true;false;false;false;false;false;false;false;false;false;false;false;false;true;false;false;false;true;false;false;false;false;false;false;false;false;false;false;false;false;false;false;false;false;false;false;false;true;false;false;false;false;false;0;0;0;0;0;0;0;0;0;0;0;0;4;0;0;3;3;0;0;0;0;0;0;0;0;0;0;2;0;1;0;-1;0;0;0;0;0;0;0;0;0;0;0;0;3;0;
0;;;;2;4;115;10;0;0;0;0;7;7;1;1;0;1;1;1;1;1;0;0;1;1;1;1;1;1;1;1;1;1;1;1;1;1;1;0;1;1;1;1;1;1;1;1;1;1;1;1;0;0;0;0;0;0;0;0;0;0;0;0;0;;true;true;false;false;false;false;false;true;true;false;true;true;true;false;false;false;false;false;false;false;false;false;false;false;false;true;false;false;false;true;false;false;false;false;false;false;false;false;false;false;false;false;false;false;false;false;false;false;false;true;false;false;false;false;false;0;0;0;0;0;0;0;0;0;0;0;0;4;0;0;3;3;0;0;0;0;0;0;0;0;0;0;2;0;1;0;-1;0;0;0;0;0;0;0;0;0;0;0;0;3;0;
0;;;;2;4;117;10;0;0;0;0;7;7;1;1;0;1;1;1;1;1;0;0;1;1;1;1;1;1;1;1;1;1;1;1;1;1;1;0;1;1;1;1;1;1;1;1;1;1;1;1;0;0;0;0;0;0;0;0;0;0;0;0;0;;true;true;false;false;false;false;false;true;true;false;true;true;true;false;false;false;false;false;false;false;false;false;false;false;false;true;false;false;false;true;false;false;false;false;false;false;false;false;false;false;false;false;false;false;false;false;false;false;false;true;false;false;false;false;false;0;0;0;0;0;0;0;0;0;0;0;0;4;0;0;3;3;0;0;0;0;0;0;0;0;0;0;2;0;1;0;-1;0;0;0;0;0;0;0;0;0;0;0;0;3;0;
0;;;;2;4;117;10;0;0;0;6;7;7;1;1;1;1;1;1;1;1;0;0;1;1;1;1;1;1;1;1;1;1;1;1;1;1;1;0;1;1;1;1;1;1;1;1;1;1;1;1;0;0;0;0;0;0;0;0;0;0;0;0;0;;true;true;false;false;false;false;false;true;true;false;true;true;true;false;false;false;false;false;false;false;false;false;false;false;false;true;false;false;false;true;false;false;false;false;false;false;false;false;false;false;false;false;false;false;false;false;false;false;false;true;false;false;false;false;false;0;0;0;0;0;0;0;0;0;0;0;0;4;0;0;3;3;0;0;0;0;0;0;0;0;0;0;2;0;1;0;-1;0;0;0;0;0;0;0;0;0;0;0;0;3;0;
0;;;;2;4;117;10;0;0;0;6;7;7;3;1;1;1;1;1;1;1;0;0;1;1;1;1;1;1;1;1;1;1;1;1;1;1;1;0;1;1;1;1;1;1;1;1;1;1;1;1;0;0;0;0;0;0;0;0;0;0;0;0;0;;true;true;false;false;false;false;false;true;true;false;true;true;true;false;false;false;false;false;false;false;false;false;false;false;false;true;false;false;false;true;false;false;false;false;false;false;false;false;false;false;false;false;false;false;false;false;false;false;false;true;false;false;false;false;false;0;0;0;0;0;0;0;0;0;0;0;0;4;0;0;3;3;0;0;0;0;0;0;0;0;0;0;3;0;1;0;-1;0;0;0;0;0;0;0;0;0;0;0;0;3;0;
0;;;;2;4;117;10;0;0;0;7;7;7;3;1;1;1;1;1;1;1;0;0;1;1;1;1;1;1;1;1;1;1;1;1;1;1;1;0;1;1;1;1;1;1;1;1;1;1;1;1;0;0;0;0;0;0;0;0;0;0;0;0;0;;true;true;false;false;false;false;false;true;true;false;true;true;true;false;false;false;false;false;false;false;false;false;false;false;false;true;false;false;false;true;false;false;false;false;false;false;false;false;false;false;false;false;false;false;false;false;false;false;false;true;false;false;false;false;false;0;0;0;0;0;0;0;0;0;0;0;0;4;0;0;3;3;0;0;0;0;0;0;0;0;0;0;3;0;1;0;-1;0;0;0;0;0;0;0;0;0;0;0;0;3;0;
0;;;;2;4;117;10;0;0;0;7;7;7;4;1;1;1;1;1;1;1;0;0;1;1;1;1;1;1;1;1;1;1;1;1;1;1;1;0;1;1;1;1;1;1;1;1;1;1;1;1;0;0;0;0;0;0;0;0;0;0;0;0;0;;true;true;false;false;false;false;false;true;true;false;true;true;true;false;false;false;false;false;false;false;false;false;false;false;false;true;false;false;false;true;false;false;false;false;false;false;false;false;false;false;false;false;false;false;false;false;false;false;false;true;false;false;false;false;false;0;0;0;0;0;0;0;0;0;0;0;0;4;0;0;3;3;0;0;0;0;0;0;0;0;0;0;3;0;1;0;-1;0;0;0;0;0;0;0;0;0;0;0;0;3;0;
0;;;;2;4;118;10;0;0;0;7;7;7;4;1;1;1;1;1;1;1;0;0;1;1;1;1;1;1;1;1;1;1;1;1;1;1;1;0;1;1;1;1;1;1;1;1;1;1;1;1;0;0;0;0;0;0;0;0;0;0;0;0;0;;true;true;false;false;false;false;false;true;true;false;true;true;true;false;false;false;false;false;false;false;false;false;false;false;false;true;false;false;false;true;false;false;false;false;false;false;false;false;false;false;false;false;false;false;false;false;false;false;false;true;false;false;false;false;false;0;0;0;0;0;0;0;0;0;0;0;0;4;0;0;3;3;0;0;0;0;0;0;0;0;0;0;3;0;1;0;-1;0;0;0;0;0;0;0;0;0;0;0;0;3;0;
0;;;;2;4;118;10;0;0;0;5;7;7;4;1;1;1;1;1;1;1;0;0;1;1;1;1;1;1;1;1;1;1;1;1;1;1;1;0;1;1;1;1;1;1;1;1;1;1;1;1;0;0;0;0;0;0;0;0;0;0;0;0;0;;true;true;false;false;false;false;false;true;true;false;true;true;true;false;false;false;false;false;false;false;false;false;false;false;false;true;false;false;false;true;false;false;false;false;false;false;false;false;false;true;false;false;false;false;false;false;false;false;false;true;false;false;false;false;false;0;0;0;0;0;0;0;0;0;0;0;0;4;0;0;3;3;0;0;0;0;0;0;0;0;0;0;3;0;1;0;-1;0;0;0;0;0;0;0;0;0;0;0;0;3;0;
0;;;;2;4;116;10;0;0;0;5;7;7;4;1;1;1;1;1;1;1;0;0;1;1;1;0;1;1;1;1;1;1;1;1;1;1;1;0;1;1;1;1;1;1;1;1;1;1;1;1;0;0;0;0;0;0;0;0;0;0;0;0;0;;true;true;false;false;false;false;false;true;true;false;true;true;true;false;false;false;false;false;false;false;false;false;false;false;false;true;false;false;false;true;false;false;false;false;false;false;false;false;false;true;false;false;false;false;false;false;false;false;false;true;false;false;false;false;false;0;0;0;0;0;0;0;0;0;0;0;0;4;0;0;3;3;0;0;0;0;0;0;0;0;0;0;3;0;1;0;-1;0;0;0;0;0;0;0;0;0;0;0;0;3;0;
0;;;;2;4;116;10;0;0;0;9;7;7;4;1;1;1;1;1;1;1;0;0;1;1;1;0;1;1;1;1;1;1;1;1;1;1;1;0;1;1;1;1;1;1;1;1;1;1;1;1;0;0;0;0;0;0;0;0;0;0;0;0;0;;true;true;false;false;false;false;false;true;true;false;true;true;true;false;false;false;false;false;false;false;false;false;false;false;false;true;false;false;false;true;false;false;false;false;false;false;false;false;false;true;false;false;false;false;false;false;false;false;false;true;false;false;false;false;false;0;0;0;0;0;0;0;0;0;0;0;0;4;0;0;3;3;0;0;0;0;0;0;0;0;0;0;3;0;1;0;-1;0;0;0;0;0;0;0;0;0;0;0;0;3;0;
0;;;;2;4;114;10;0;0;0;9;7;7;4;1;1;1;1;1;1;1;0;0;1;1;1;0;1;1;1;1;1;1;1;1;1;1;1;0;1;1;1;1;1;1;1;1;1;1;1;1;0;0;0;0;0;0;0;0;0;0;0;0;0;;true;true;false;false;false;false;false;true;true;false;true;true;true;false;false;false;false;false;false;false;false;false;false;false;false;true;false;false;false;true;false;false;false;false;false;false;false;false;false;true;false;false;false;false;false;false;false;false;false;true;false;false;false;false;false;0;0;0;0;0;0;0;0;0;0;0;0;4;0;0;3;3;0;0;0;0;0;0;0;0;0;0;3;0;1;0;-1;0;0;0;0;0;0;0;0;0;0;0;0;3;0;
0;;;;2;4;114;10;0;0;0;11;7;7;4;1;1;1;1;1;1;1;0;1;1;1;1;0;1;1;1;1;1;1;1;1;1;1;1;0;1;1;1;1;1;1;1;1;1;1;1;1;0;0;0;0;0;0;0;0;0;0;0;0;0;;true;true;false;false;false;false;false;true;true;false;true;true;true;false;false;false;false;false;false;false;false;false;false;false;false;true;false;false;false;true;false;false;false;false;false;false;false;false;false;true;false;false;false;false;false;false;false;false;false;true;false;false;false;false;false;0;0;0;0;0;0;0;0;0;0;0;0;4;0;0;3;3;0;0;0;0;0;0;0;0;0;0;3;0;1;0;-1;0;0;0;0;0;0;4;0;0;0;0;0;3;0;
0;;;;2;4;114;10;0;0;0;12;7;7;4;1;1;1;1;1;1;1;0;1;1;1;1;0;1;1;1;1;1;1;1;1;1;1;1;0;1;1;1;1;1;1;1;1;1;1;1;1;0;0;0;0;0;0;0;0;0;0;0;0;0;;true;true;false;false;false;false;false;true;true;false;true;true;true;false;false;false;false;false;false;false;false;false;false;false;false;true;false;false;false;true;false;false;false;false;false;false;false;false;false;true;false;false;false;false;false;false;false;false;false;true;false;false;false;false;false;0;0;0;0;0;0;0;0;0;0;0;0;4;0;0;3;3;0;0;0;0;0;0;0;0;0;0;3;0;1;0;-1;0;0;0;0;0;0;4;0;0;0;0;0;3;0;
0;;;;13;4;114;10;0;0;0;12;7;7;4;1;1;1;1;1;1;1;0;1;1;1;1;0;1;1;1;1;1;1;1;1;1;1;1;0;1;1;1;1;1;1;1;1;1;1;1;1;0;0;0;0;0;0;0;0;0;0;0;0;0;;true;true;false;false;false;false;false;true;true;false;true;true;true;false;false;false;false;false;false;false;false;false;false;false;false;true;false;false;false;true;false;false;false;false;false;false;false;false;false;true;false;false;false;false;false;false;false;false;false;true;false;false;false;false;false;0;0;0;0;0;0;0;0;0;0;0;0;4;0;0;3;3;0;0;0;0;0;0;0;0;0;0;3;0;1;0;-1;0;0;0;0;0;0;4;0;0;0;0;0;3;0;
0;;;;13;4;44;10;0;0;0;12;7;7;4;1;1;1;1;1;1;1;0;1;1;1;1;0;1;1;1;1;1;1;1;1;1;1;1;0;1;1;1;1;1;1;1;1;1;1;1;1;0;0;0;0;0;0;0;0;0;0;0;0;0;;true;true;false;false;false;false;false;true;true;false;true;true;true;false;false;false;false;false;false;false;false;false;false;false;false;true;false;false;false;true;false;false;false;false;false;false;false;false;false;true;false;false;false;false;false;false;false;false;false;true;false;false;false;false;false;0;0;0;0;0;0;0;0;0;0;0;0;4;0;0;3;3;0;0;0;0;0;0;0;0;0;0;3;0;1;0;-1;0;0;0;0;0;0;4;0;0;0;0;0;3;0;
0;;;;13;4;44;10;0;0;0;10;7;7;4;1;1;1;1;1;1;1;0;1;1;1;1;0;1;1;1;1;1;1;1;1;1;1;1;0;1;1;1;1;1;0;1;1;1;1;1;1;0;0;0;0;0;0;0;0;0;0;0;0;0;;true;true;false;false;false;false;false;true;true;false;true;true;true;false;false;false;false;false;false;false;false;false;false;false;false;true;false;false;false;true;true;false;false;false;false;false;false;false;false;true;false;false;false;false;false;false;false;false;false;true;false;false;false;false;false;0;0;0;0;0;0;0;0;0;0;0;0;4;0;0;3;3;0;0;0;0;4;0;0;0;0;0;3;0;1;0;-1;0;0;0;0;0;0;4;0;0;0;0;0;3;0;
0;;;;13;4;44;4;0;0;0;10;7;7;4;1;1;1;1;1;1;1;0;1;1;1;1;0;1;1;1;1;1;1;1;1;1;1;1;0;1;1;1;1;1;1;1;1;1;1;1;1;0;0;0;0;0;0;0;0;0;0;0;0;0;;true;true;false;false;false;false;false;true;true;false;true;true;true;false;false;false;false;false;false;false;false;false;false;false;false;true;false;false;false;true;true;false;false;false;false;false;false;false;false;true;false;false;false;false;false;false;false;false;false;true;false;true;false;false;false;0;0;0;0;0;0;0;0;0;0;0;0;4;0;0;3;3;0;0;0;0;4;0;0;0;0;0;3;0;1;0;-1;0;0;0;0;0;0;4;0;0;0;0;0;3;0;
0;;;;13;4;44;7;0;0;0;10;7;7;4;1;1;1;1;1;1;1;0;1;1;1;1;1;1;1;1;1;1;1;1;1;1;1;1;0;1;1;1;1;1;1;1;1;1;1;1;1;0;0;0;0;0;0;0;0;0;0;0;0;0;;true;true;false;false;false;false;false;true;true;false;true;true;true;false;false;false;false;false;false;false;false;false;false;false;false;true;false;false;false;true;true;false;false;false;false;false;false;false;false;true;false;false;false;false;false;false;false;false;false;true;false;true;false;false;false;0;0;0;0;0;0;0;0;0;0;0;0;4;0;0;3;3;0;0;0;0;4;0;0;0;0;0;3;0;1;0;-1;0;0;0;0;0;0;4;0;0;0;0;0;3;0;
0;;;;13;4;44;7;0;0;0;9;7;7;4;1;1;1;1;1;1;1;0;1;1;1;1;1;1;1;1;1;1;1;1;1;1;1;1;0;1;1;1;1;1;1;1;1;1;1;1;1;0;0;0;0;0;0;0;0;0;0;0;0;0;;true;true;false;false;false;false;false;true;true;false;true;true;true;false;false;false;false;false;false;false;false;false;false;false;false;true;false;false;false;true;true;false;false;false;false;false;false;false;false;true;false;false;false;false;false;false;false;false;false;true;false;true;false;false;false;0;0;0;0;0;0;0;0;0;0;0;0;4;0;0;3;3;0;0;0;0;4;0;0;0;0;0;3;0;1;0;-1;0;0;0;0;0;0;4;0;0;0;0;0;3;0;
0;;;;13;4;44;8;0;0;0;9;7;7;4;1;1;1;1;1;1;1;0;1;1;1;1;1;1;1;1;1;1;1;1;1;1;1;1;0;1;1;1;1;1;1;1;1;1;1;1;1;0;0;0;0;0;0;0;0;0;0;0;0;0;;true;true;false;false;false;false;false;true;true;false;true;true;true;false;false;false;false;false;false;false;false;false;false;false;false;true;false;false;false;true;true;false;false;false;false;false;false;false;false;true;false;false;false;false;false;false;false;false;false;true;false;true;false;false;false;0;0;0;0;0;0;0;0;0;0;0;0;4;0;0;3;3;0;0;0;0;4;0;0;0;0;0;3;0;1;0;-1;0;0;0;0;0;0;4;0;0;0;0;0;3;0;
0;;;;13;4;44;6;0;0;0;9;7;7;4;1;1;1;1;1;1;1;0;1;1;1;1;1;1;1;1;1;1;1;1;1;1;1;1;0;0;1;1;1;1;1;1;1;1;1;1;1;0;0;0;0;0;0;0;0;0;0;0;0;0;;true;true;false;false;false;false;false;true;true;false;true;true;true;false;false;false;false;false;false;false;false;false;false;false;false;true;false;false;false;true;true;false;false;false;false;false;false;false;false;true;false;false;false;false;false;false;false;false;false;true;false;true;false;false;false;0;0;0;0;0;0;0;0;0;0;0;0;4;0;0;3;1;0;0;0;0;4;0;0;0;0;0;3;0;1;0;-1;0;0;0;0;0;0;4;0;0;0;0;0;3;0;
0;;;;13;4;44;0;0;0;0;9;7;7;4;1;1;1;1;1;1;1;0;1;1;1;1;1;1;1;1;1;1;1;1;1;1;1;1;0;0;1;1;1;1;1;1;1;1;1;1;1;0;0;0;0;0;0;0;0;0;0;0;0;0;;true;true;false;false;false;false;false;true;true;false;true;true;true;false;false;false;false;false;false;false;false;false;false;false;false;true;false;false;false;true;true;false;false;false;false;false;false;false;false;true;false;false;false;false;false;false;false;false;false;true;false;true;false;false;false;0;0;0;0;0;0;0;0;0;0;0;0;4;0;0;3;1;0;0;0;0;4;0;0;0;0;0;3;0;1;0;-1;0;0;0;0;0;0;4;0;0;0;0;0;3;0;
0;;;;13;4;77;0;0;0;0;9;7;7;4;1;1;1;1;1;1;1;0;1;1;1;1;1;1;1;1;1;1;1;1;1;1;1;1;0;1;1;1;1;1;1;1;1;1;1;1;1;0;0;0;0;0;0;0;0;0;0;0;0;0;;true;true;false;false;false;false;false;true;true;false;true;true;true;false;false;false;false;false;false;false;false;false;false;false;false;true;false;false;false;true;true;false;false;false;false;false;false;false;false;true;false;false;false;false;false;false;false;false;false;true;false;true;false;false;false;0;0;0;0;0;0;0;0;0;0;0;0;4;0;0;3;1;0;0;0;0;4;0;0;0;0;0;3;0;1;0;-1;0;0;0;1;0;0;4;0;0;0;0;0;3;0;
0;;;;13;4;79;0;0;0;0;9;7;7;4;1;1;1;1;1;1;1;0;1;1;1;1;1;1;1;1;1;1;1;1;1;1;1;1;0;1;1;1;1;1;1;1;1;1;1;1;1;0;0;0;0;0;0;0;0;0;0;0;0;0;;true;true;false;false;false;false;false;true;true;false;true;true;true;false;false;false;false;false;false;false;false;false;false;false;false;true;false;false;false;true;true;false;false;false;false;false;false;false;false;true;false;false;false;false;false;false;false;false;false;true;false;true;false;false;false;0;0;0;0;0;0;0;0;0;0;0;0;4;0;0;3;1;0;0;0;0;4;0;0;0;0;0;3;0;1;0;-1;0;0;0;1;0;0;4;0;0;0;0;0;3;0;
0;;;;13;4;81;0;0;0;0;9;7;7;4;1;1;1;1;1;1;1;0;1;1;1;1;1;1;1;1;1;1;1;1;1;1;1;1;0;1;1;1;1;1;1;1;1;1;1;1;1;0;0;0;0;0;0;0;0;0;0;0;0;0;;true;true;false;false;false;false;false;true;true;false;true;true;true;false;false;false;false;false;false;false;false;false;false;false;false;true;false;false;false;true;true;false;false;false;false;false;false;false;false;true;false;false;false;false;false;false;false;false;false;true;false;true;false;false;false;0;0;0;0;0;0;0;0;0;0;0;0;4;0;0;3;1;0;0;0;0;4;0;0;0;0;0;3;0;1;0;-1;0;0;0;1;0;0;4;0;0;0;0;0;3;0;
0;;;;13;4;78;0;0;0;0;9;7;7;4;1;1;1;1;1;1;1;0;1;1;1;1;1;0;1;1;1;1;1;1;1;1;1;1;0;1;1;1;1;1;1;1;1;1;1;1;1;0;0;0;0;0;0;0;0;0;0;0;0;0;;true;true;false;false;false;false;false;true;true;false;true;true;true;true;false;false;false;false;false;false;false;false;false;false;false;true;false;false;false;true;true;false;false;false;false;false;false;false;false;true;false;false;false;false;false;false;false;false;false;true;false;true;false;false;false;0;0;0;0;0;0;0;0;0;0;0;0;4;0;0;3;1;0;0;0;0;4;0;0;0;0;0;3;0;1;0;-1;0;0;0;1;0;0;4;0;0;0;0;0;3;0;
0;;;;13;4;76;0;0;0;0;9;7;7;4;1;1;1;1;1;1;1;0;1;1;1;1;1;0;1;1;1;1;1;1;1;1;1;1;0;1;1;1;1;1;1;1;1;1;1;1;1;0;0;0;0;0;0;0;0;0;0;0;0;0;;true;true;false;false;false;false;false;true;true;false;true;true;true;true;false;false;false;false;false;false;false;false;false;false;false;true;false;false;false;true;true;false;false;false;false;false;false;false;false;true;false;false;false;false;false;false;false;false;false;true;false;true;false;false;false;0;0;0;0;0;0;0;0;0;0;0;0;4;0;0;3;1;0;0;0;0;4;0;0;0;0;0;3;0;1;0;-1;0;0;0;1;0;0;4;0;0;0;0;0;3;0;
0;;;;13;4;76;0;2;0;0;9;7;7;4;1;1;1;1;1;1;1;0;1;1;1;1;1;1;1;1;1;1;1;1;1;1;1;1;0;1;1;1;1;1;1;1;1;1;1;1;1;0;0;0;0;0;0;0;0;0;0;0;0;0;;true;true;false;false;false;false;false;true;true;false;true;true;true;true;false;false;false;false;false;false;false;false;false;false;false;true;false;false;false;true;true;false;false;false;false;false;false;false;false;true;false;false;false;false;false;false;false;false;false;true;false;true;false;false;false;0;0;0;0;0;0;0;0;0;0;0;0;4;0;0;3;1;0;0;0;0;4;0;0;0;0;0;3;0;1;0;-1;0;0;0;1;0;0;4;0;0;0;0;0;3;0;
0;;;;13;4;76;0;3;0;0;9;7;7;4;1;1;1;1;1;1;1;0;1;1;1;1;1;1;1;1;1;1;1;1;1;1;1;1;0;1;1;1;1;1;1;0;1;1;1;1;1;0;0;0;0;0;0;0;0;0;0;0;0;0;;true;true;false;false;false;false;false;true;true;false;true;true;true;true;false;false;false;false;false;false;false;false;false;false;false;true;false;false;false;true;true;true;false;false;false;false;false;false;false;true;false;false;false;false;false;false;false;false;false;true;false;true;false;false;false;0;0;0;0;0;0;0;0;0;0;0;0;4;0;0;3;1;0;0;0;0;4;0;0;0;0;0;3;0;1;0;-1;0;0;0;1;0;0;4;0;0;0;0;0;3;0;
0;;;;13;4;44;0;3;0;0;9;7;7;4;1;1;1;1;1;1;1;0;1;1;1;1;1;1;1;1;1;1;1;1;1;1;1;1;0;1;1;1;1;1;1;0;1;1;1;1;1;0;0;0;0;0;0;0;0;0;0;0;0;0;;true;true;false;false;false;false;false;true;true;false;true;true;true;true;false;false;false;false;false;false;false;false;false;false;false;true;false;false;false;true;true;true;false;false;false;false;false;false;false;true;false;false;false;false;false;false;false;false;false;true;false;true;false;false;false;0;0;0;0;0;0;0;0;0;0;0;0;4;0;0;3;1;0;0;0;0;4;0;0;0;0;0;3;0;1;0;-1;0;0;0;1;0;0;4;0;0;0;0;0;3;0;
0;;;;13;4;44;0;3;0;0;9;8;7;4;1;1;1;1;1;1;1;0;1;1;1;1;1;1;1;1;1;1;1;1;1;1;1;1;0;1;1;1;1;1;1;1;1;1;1;1;1;0;0;0;0;0;0;0;0;0;0;0;0;0;;true;true;false;false;false;false;false;true;true;false;true;true;true;true;false;false;false;false;false;false;false;false;false;false;false;true;false;false;false;true;true;true;false;false;false;false;false;false;false;true;false;false;false;false;false;false;false;false;false;true;false;true;false;false;false;0;0;0;0;0;0;0;0;0;0;0;0;4;0;0;3;1;0;0;0;0;4;0;0;0;0;0;3;0;1;0;-1;0;0;0;1;0;0;4;0;0;0;0;0;3;0;
0;;;;13;4;44;0;3;0;0;9;0;7;4;1;1;0;1;1;1;1;0;1;1;1;1;1;1;1;1;1;1;1;1;1;1;1;1;0;1;1;1;1;1;1;1;1;1;1;1;1;0;0;0;0;0;0;0;0;0;0;0;0;0;;true;true;true;false;false;false;false;true;true;false;true;true;true;true;false;false;false;false;false;false;false;false;false;false;false;true;false;false;false;true;true;true;false;false;false;false;false;false;false;true;false;false;false;false;false;false;false;false;false;true;false;true;false;false;false;0;0;0;0;0;0;0;0;0;0;0;0;4;0;0;3;1;0;0;0;0;4;0;0;0;0;0;3;0;1;0;-1;0;0;0;1;0;0;4;0;0;0;0;0;3;0;
0;;;;14;4;44;0;3;0;0;9;0;7;4;1;1;1;1;1;1;1;0;1;1;1;1;1;1;1;1;1;1;1;1;1;1;1;1;0;1;1;1;1;1;1;1;1;1;1;1;1;0;0;0;0;0;0;0;0;0;0;0;0;0;;true;true;true;false;false;false;false;true;true;false;true;true;true;true;false;false;false;false;false;false;false;false;false;false;false;true;false;false;false;true;true;true;false;false;false;false;false;false;false;true;false;false;false;false;false;false;false;false;false;true;false;true;false;false;false;0;0;0;0;0;0;0;0;0;0;0;0;4;0;0;3;1;0;0;0;0;4;0;0;0;0;0;3;0;1;0;-1;0;0;0;1;0;0;4;0;0;0;0;0;3;0;
0;;;;14;4;44;0;10;0;0;9;0;7;4;1;1;1;1;1;1;1;0;1;1;1;1;1;1;1;1;1;1;1;1;1;1;1;1;0;1;0;1;1;1;1;1;1;1;1;1;1;0;0;0;0;0;0;0;0;0;0;0;0;0;;true;true;true;false;false;false;false;true;true;false;true;true;true;true;false;false;false;false;false;false;false;false;false;false;false;true;true;false;false;true;true;true;false;false;false;false;false;false;false;true;false;false;false;false;false;false;false;false;false;true;false;true;false;false;false;0;0;0;0;0;0;0;0;0;0;0;0;4;0;0;3;1;3;0;0;0;4;0;0;0;0;0;3;0;1;0;-1;0;0;0;1;0;0;4;0;0;0;0;0;3;0;
0;;;;14;4;53;0;10;0;0;9;0;7;4;1;1;1;1;1;1;1;0;1;1;1;1;1;1;1;1;1;1;1;1;1;1;1;1;0;1;1;1;1;1;1;1;1;1;1;1;1;0;0;0;0;0;0;0;0;0;0;0;0;0;;true;true;true;false;false;false;false;true;true;false;true;true;true;true;false;false;false;false;false;false;false;false;false;false;false;true;true;false;false;true;true;true;false;false;false;false;false;false;false;true;false;false;false;false;false;false;false;false;false;true;false;true;false;false;false;0;0;0;0;0;0;0;0;0;0;0;0;4;0;0;3;1;3;0;0;0;4;0;0;0;0;0;3;0;1;0;-1;0;0;0;1;0;0;4;0;0;0;0;0;3;0;
0;;;;14;4;113;0;10;0;0;9;0;7;4;1;1;1;1;1;1;1;0;1;1;1;0;1;1;1;1;1;1;1;1;1;1;1;1;0;1;1;1;1;1;1;1;1;1;1;1;1;0;0;0;0;0;0;0;0;0;0;0;0;0;;true;true;true;false;false;false;false;true;true;false;true;true;true;true;false;false;false;false;false;false;false;false;false;false;false;true;true;false;false;true;true;true;false;false;false;false;false;false;false;true;false;false;false;false;false;false;false;false;false;true;false;true;false;false;false;0;0;0;0;0;0;0;0;0;0;0;0;4;0;0;3;1;3;0;0;0;4;0;0;0;0;0;3;0;1;0;-1;0;0;0;1;0;0;4;0;0;0;0;0;3;0;
0;;;;14;2;113;0;10;0;0;9;0;7;4;1;1;1;1;1;1;1;0;1;1;1;1;1;1;1;1;1;1;1;1;1;1;1;1;0;1;1;1;1;1;1;1;1;1;1;1;1;0;0;0;0;0;0;0;0;0;0;0;0;0;;true;true;true;false;false;false;false;true;true;false;true;true;true;true;false;false;false;false;false;false;false;false;false;false;false;true;true;false;false;true;true;true;false;false;false;false;false;false;false;true;false;false;false;false;false;false;false;false;false;true;false;true;false;false;false;0;0;0;0;0;0;0;0;0;0;0;0;4;0;0;3;1;3;0;0;0;4;0;0;0;0;0;3;0;1;0;-1;0;0;0;1;0;0;4;0;0;0;0;0;3;0;
0;;;;14;3;113;0;10;0;0;9;0;7;2;1;1;1;1;1;1;1;0;1;1;1;1;1;1;1;1;1;1;1;1;1;1;1;1;0;1;1;1;1;1;1;1;1;1;1;1;1;0;0;0;0;0;0;0;0;0;0;0;0;0;;true;true;true;false;false;false;false;true;true;false;true;true;true;true;false;false;false;false;false;false;false;false;false;false;false;true;true;false;false;true;true;true;false;false;false;false;false;false;false;true;false;false;false;false;false;false;false;false;false;true;false;true;false;false;false;0;0;0;0;0;0;0;0;0;0;0;0;4;0;0;3;1;3;0;0;0;4;0;0;0;0;0;3;0;1;0;-1;0;0;0;1;0;0;4;0;0;0;0;0;3;0;
0;;;;14;4;113;0;10;0;0;9;0;7;2;1;1;1;1;1;1;1;0;1;1;0;1;1;1;1;1;1;1;1;1;1;1;1;1;0;1;1;1;1;1;1;1;1;1;1;1;1;0;0;0;0;0;0;0;0;0;0;0;0;0;;true;true;true;false;false;false;false;true;true;false;true;true;true;true;false;false;false;false;false;false;false;false;false;false;false;true;true;false;false;true;true;true;false;false;false;false;false;false;false;true;false;false;false;false;false;false;false;false;false;true;false;true;false;false;false;0;0;0;0;0;0;0;0;0;0;0;0;4;0;0;3;1;3;0;0;0;4;0;0;0;0;0;3;0;1;0;-1;0;0;0;1;0;0;4;0;0;0;0;0;3;0;
0;;;;14;4;115;0;10;0;0;9;0;7;2;1;1;1;1;1;1;1;0;1;1;1;1;1;1;1;1;1;1;1;1;1;1;1;1;0;1;1;1;1;1;1;1;1;1;1;1;1;0;0;0;0;0;0;0;0;0;0;0;0;0;;true;true;true;false;false;false;false;true;true;false;true;true;true;true;false;false;false;false;false;false;false;false;false;false;false;true;true;false;false;true;true;true;false;false;false;false;false;false;false;true;false;false;false;false;false;false;false;false;false;true;false;true;false;false;false;0;0;0;0;0;0;0;0;0;0;0;0;4;0;0;3;1;3;0;0;0;4;0;0;0;0;0;3;0;1;0;-1;0;0;0;1;0;0;4;0;0;0;0;0;3;0;
0;;;;5;4;115;0;10;0;0;9;0;7;2;1;1;1;0;1;1;1;0;1;1;1;1;1;1;1;1;1;1;1;1;1;1;1;1;0;1;1;1;1;1;1;1;1;1;1;1;1;0;0;0;0;0;0;0;0;0;0;0;0;0;;true;true;true;true;false;false;false;true;true;false;true;true;true;true;false;false;false;false;false;false;false;false;false;false;false;true;true;false;false;true;true;true;false;false;false;false;false;false;false;true;false;false;false;false;false;false;false;false;false;true;false;true;false;false;false;0;0;0;0;0;0;0;0;0;0;0;0;4;0;0;3;1;3;0;0;0;4;0;0;0;0;0;3;0;1;0;-1;0;0;0;1;0;0;4;0;0;0;0;0;3;0;
0;;;;5;4;117;0;10;0;0;9;0;7;2;1;1;1;0;1;1;1;0;1;1;1;1;1;1;1;1;1;1;1;1;1;1;1;1;0;1;1;1;1;1;1;1;1;1;1;1;1;0;0;0;0;0;0;0;0;0;0;0;0;0;;true;true;true;true;false;false;false;true;true;false;true;true;true;true;false;false;false;false;false;false;false;false;false;false;false;true;true;false;false;true;true;true;false;false;false;false;false;false;false;true;false;false;false;false;false;false;false;false;false;true;false;true;false;false;false;0;0;0;0;0;0;0;0;0;0;0;0;4;0;0;3;1;3;0;0;0;4;0;0;0;0;0;3;0;1;0;-1;0;0;0;1;0;0;4;0;0;0;0;0;3;0;
0;;;;11;4;117;0;10;0;0;9;0;7;2;1;1;1;0;1;1;1;0;1;1;1;1;1;1;1;1;1;1;1;1;1;1;1;1;0;1;1;1;1;1;1;1;1;1;1;1;1;0;0;0;0;0;0;0;0;0;0;0;0;0;;true;true;true;true;false;false;false;true;true;false;true;true;true;true;false;false;false;false;false;false;false;false;false;false;false;true;true;false;false;true;true;true;false;false;false;false;false;false;false;true;false;false;false;false;false;false;false;false;false;true;false;true;false;false;false;0;0;0;0;0;0;0;0;0;0;0;0;4;0;0;3;1;3;0;0;0;4;0;0;0;0;0;3;0;1;0;-1;0;0;0;1;0;0;4;0;0;0;0;0;3;0;
0;;;;12;4;117;0;10;0;0;9;0;7;2;1;1;1;0;1;1;1;0;1;0;1;1;1;1;1;1;1;1;1;1;1;1;1;1;0;1;1;1;1;1;1;1;1;1;1;1;1;0;0;0;0;0;0;0;0;0;0;0;0;0;;true;true;true;true;false;false;false;true;true;true;true;true;true;true;false;false;false;false;false;false;false;false;false;false;false;true;true;false;false;true;true;true;false;false;false;false;false;false;false;true;false;false;false;false;false;false;false;false;false;true;false;true;false;false;false;0;0;0;0;0;0;0;0;0;0;0;0;4;0;6;3;1;3;0;0;0;4;0;0;0;0;0;3;0;1;0;-1;0;0;0;1;0;0;4;0;0;0;0;0;3;0;
0;;;;12;4;117;0;10;0;0;9;2;7;2;1;1;1;1;1;1;1;0;1;0;1;1;1;1;1;1;1;1;1;1;1;1;1;1;0;1;1;1;1;1;1;1;1;1;1;1;1;0;0;0;0;0;0;0;0;0;0;0;0;0;;true;true;true;true;false;false;false;true;true;true;true;true;true;true;false;false;false;false;false;false;false;false;false;false;false;true;true;false;false;true;true;true;false;false;false;false;false;false;false;true;false;false;false;false;false;false;false;false;false;true;false;true;false;false;false;0;0;0;0;0;0;0;0;0;0;0;0;4;0;6;3;1;3;0;0;0;4;0;0;0;0;0;3;0;1;0;-1;0;0;0;1;0;0;4;0;0;0;0;0;3;0;
0;;;;12;4;119;0;10;0;0;9;2;7;2;1;1;1;1;1;1;1;0;1;0;1;1;1;1;1;1;1;1;1;1;1;1;1;1;0;1;1;1;1;1;1;1;1;1;1;1;1;0;0;0;0;0;0;0;0;0;0;0;0;0;;true;true;true;true;false;false;false;true;true;true;true;true;true;true;false;false;false;false;false;false;false;false;false;false;false;true;true;false;false;true;true;true;false;false;false;false;false;false;false;true;false;false;false;false;false;false;false;false;false;true;false;true;false;false;false;0;0;0;0;0;0;0;0;0;0;0;0;4;0;6;3;1;3;0;0;0;4;0;0;0;0;0;3;0;1;0;-1;0;0;0;1;0;0;4;0;0;0;0;0;3;0;
0;;;;13;4;119;0;10;0;0;9;2;7;2;1;1;1;1;1;1;1;0;1;0;1;1;1;1;1;1;1;1;1;1;1;1;1;1;0;1;1;1;1;1;1;1;1;1;1;1;1;0;0;0;0;0;0;0;0;0;0;0;0;0;;true;true;true;true;false;false;false;true;true;true;true;true;true;true;false;false;false;false;false;false;false;false;false;false;false;true;true;false;false;true;true;true;false;false;false;false;false;false;false;true;false;false;false;false;false;false;false;false;false;true;false;true;false;false;false;0;0;0;0;0;0;0;0;0;0;0;0;4;0;6;3;1;3;0;0;0;4;0;0;0;0;0;3;0;1;0;-1;0;0;0;1;0;0;4;0;0;0;0;0;3;0;
0;;;;13;4;119;0;10;0;0;9;2;7;0;1;1;1;1;1;1;1;0;1;0;1;1;1;1;1;1;1;1;1;1;1;1;1;1;0;1;1;1;1;1;1;1;1;1;1;1;1;0;0;0;0;0;0;0;0;0;0;0;0;0;;true;true;true;true;false;false;false;true;true;true;true;true;true;true;false;false;false;false;false;false;false;false;false;false;false;true;true;false;false;true;true;true;false;false;false;false;false;false;false;true;false;false;false;false;false;false;false;false;false;true;false;true;false;false;false;0;0;0;0;0;0;0;0;0;0;0;0;4;0;6;3;1;3;0;0;0;4;0;0;0;0;0;3;0;1;0;-1;0;0;0;1;0;0;4;0;0;0;0;0;3;0;
0;;;;13;4;119;0;10;0;0;9;3;7;0;1;1;1;1;1;1;1;0;1;0;1;1;1;1;1;1;1;1;1;1;1;1;1;1;0;1;1;1;1;1;1;1;1;1;1;1;1;0;0;0;0;0;0;0;0;0;0;0;0;0;;true;true;true;true;false;false;false;true;true;true;true;true;true;true;false;false;false;false;false;false;false;false;false;false;false;true;true;false;false;true;true;true;false;false;false;false;false;false;false;true;false;false;false;false;false;false;false;false;false;true;false;true;false;false;false;0;0;0;0;0;0;0;0;0;0;0;0;4;0;6;3;1;3;0;0;0;4;0;0;0;0;0;3;0;1;0;-1;0;0;0;1;0;0;4;0;0;0;0;0;3;0;
0;;;;13;4;119;0;10;0;0;9;1;7;0;1;1;1;1;1;1;1;0;1;0;1;1;1;1;1;1;1;1;1;1;1;1;1;1;0;1;1;1;1;1;1;1;1;1;1;1;1;0;0;0;0;0;0;0;0;0;0;0;0;0;;true;true;true;true;false;false;false;true;true;true;true;true;true;true;false;false;false;false;false;false;false;false;false;false;false;true;true;false;false;true;true;true;false;false;false;false;false;false;false;true;false;false;false;false;true;false;false;false;false;true;false;true;false;false;false;0;0;0;0;0;0;0;0;0;0;0;0;4;0;6;3;1;3;0;0;0;4;0;0;0;0;0;3;0;1;0;-1;0;0;0;1;0;0;4;0;0;0;0;0;3;0;
0;;;;13;4;119;0;10;0;0;9;7;7;0;1;1;1;1;1;1;1;0;1;0;1;1;1;1;1;1;1;1;1;1;1;1;1;1;0;1;1;1;1;1;1;1;1;1;1;1;1;0;0;0;0;0;0;0;0;0;0;0;0;0;;true;true;true;true;false;false;false;true;true;true;true;true;true;true;false;false;false;false;false;false;false;false;false;false;false;true;true;false;false;true;true;true;false;false;false;false;false;false;false;true;false;false;false;false;true;false;false;false;false;true;false;true;false;false;false;0;0;0;0;0;0;0;0;0;0;0;0;4;0;6;3;1;3;0;0;0;4;0;0;0;0;0;3;0;1;0;-1;0;0;0;1;0;0;4;0;0;0;0;0;3;0;
0;;;;13;4;119;0;10;0;0;9;10;7;0;1;1;1;1;1;1;1;0;1;1;1;1;1;1;1;1;1;1;1;1;1;1;1;1;0;1;1;1;1;1;1;1;1;1;1;1;1;0;0;0;0;0;0;0;0;0;0;0;0;0;;true;true;true;true;false;false;false;true;true;true;true;true;true;true;false;false;false;false;false;false;false;false;false;false;false;true;true;false;false;true;true;true;false;false;false;false;false;false;false;true;false;false;false;false;true;false;false;false;false;true;false;true;false;false;false;0;0;0;0;0;0;0;0;0;0;0;0;4;0;6;3;1;3;0;0;0;4;0;0;0;0;0;3;0;1;0;-1;0;0;0;1;0;0;4;0;0;6;0;0;3;0;
0;;;;13;4;119;0;10;0;0;9;10;7;1;1;1;1;1;1;1;1;0;1;1;1;1;1;1;1;1;1;1;1;1;1;1;1;1;0;1;1;1;1;1;1;1;1;1;1;1;1;0;0;0;0;0;0;0;0;0;0;0;0;0;;true;true;true;true;false;false;false;true;true;true;true;true;true;true;false;false;false;false;false;false;false;false;false;false;false;true;true;false;false;true;true;true;false;false;false;false;false;false;false;true;false;false;false;false;true;false;false;false;false;true;false;true;false;false;false;0;0;0;0;0;0;0;0;0;0;0;0;4;0;6;3;1;3;0;0;0;4;0;0;0;0;0;3;0;1;0;-1;0;0;0;1;0;0;4;0;0;6;0;0;4;0;
0;;;;13;4;119;0;10;0;0;9;11;7;1;1;1;1;1;1;1;1;0;1;1;1;1;1;1;1;1;1;1;1;1;1;1;1;1;0;1;1;1;1;1;1;1;1;1;1;1;1;0;0;0;0;0;0;0;0;0;0;0;0;0;;true;true;true;true;false;false;false;true;true;true;true;true;true;true;false;false;false;false;false;false;false;false;false;false;false;true;true;false;false;true;true;true;false;false;false;false;false;false;false;true;false;false;false;false;true;false;false;false;false;true;false;true;false;false;false;0;0;0;0;0;0;0;0;0;0;0;0;4;0;6;3;1;3;0;0;0;4;0;0;0;0;0;3;0;1;0;-1;0;0;0;1;0;0;4;0;0;6;0;0;4;0;
0;;;;13;4;119;0;10;0;0;9;11;7;3;1;1;1;1;1;1;1;0;1;1;1;1;1;1;1;1;1;1;1;1;1;1;1;1;0;1;1;1;1;1;1;1;1;1;1;1;1;0;0;0;0;0;0;0;0;0;0;0;0;0;;true;true;true;true;false;false;false;true;true;true;true;true;true;true;false;false;false;false;false;false;false;false;false;false;false;true;true;false;false;true;true;true;false;false;false;false;false;false;false;true;false;false;false;false;true;false;false;false;false;true;false;true;false;false;false;0;0;0;0;0;0;0;0;0;0;0;0;4;0;6;3;1;3;0;0;0;4;0;0;0;0;0;4;0;1;0;-1;0;0;0;1;0;0;4;0;0;6;0;0;4;0;
0;;;;13;4;119;0;10;0;0;9;9;7;3;1;1;1;1;1;1;1;0;1;1;1;1;1;1;1;1;1;1;1;1;1;1;1;1;0;1;1;1;1;1;1;1;0;1;1;1;1;0;0;0;0;0;0;0;0;0;0;0;0;0;;true;true;true;true;false;false;false;true;true;true;true;true;true;true;false;false;false;false;false;false;false;false;false;false;false;true;true;false;false;true;true;true;true;false;false;false;false;false;false;true;false;false;false;false;true;false;false;false;false;true;false;true;false;false;false;0;0;0;0;0;0;0;0;0;0;0;0;4;0;6;3;1;3;0;0;0;4;0;6;0;0;0;4;0;1;0;-1;0;0;0;1;0;0;4;0;0;6;0;0;4;0;
0;;;;13;4;119;0;10;0;0;9;7;7;3;1;1;1;1;1;1;1;0;1;1;1;1;1;1;1;1;1;1;1;1;1;1;1;1;0;1;1;1;1;1;1;1;0;1;1;1;1;0;0;0;0;0;0;0;0;0;0;0;0;0;;true;true;true;true;false;false;false;true;true;true;true;true;true;true;false;false;false;false;false;false;false;false;false;false;false;true;true;false;false;true;true;true;true;false;false;false;false;false;false;true;false;false;false;false;true;false;false;false;false;true;false;true;false;false;false;0;0;0;0;0;0;0;0;0;0;0;0;4;0;6;3;1;3;0;0;0;4;0;6;0;0;0;4;0;1;0;-1;0;0;0;1;0;0;4;0;0;6;0;0;4;0;
0;;;;13;4;119;0;10;0;0;9;7;7;4;1;1;1;1;1;1;1;0;1;1;1;1;1;1;1;1;1;1;1;1;1;1;1;1;0;1;1;1;1;1;1;1;0;1;1;1;1;0;0;0;0;0;0;0;0;0;0;0;0;0;;true;true;true;true;false;false;false;true;true;true;true;true;true;true;false;false;false;false;false;false;false;false;false;false;false;true;true;false;false;true;true;true;true;false;false;false;false;false;false;true;false;false;false;false;true;false;false;false;false;true;false;true;false;false;false;0;0;0;0;0;0;0;0;0;0;0;0;4;0;6;3;1;3;0;0;0;4;0;6;0;0;0;4;0;1;0;-1;0;0;0;1;0;0;4;0;0;6;0;0;4;0;
0;;;;13;4;116;0;10;0;0;9;7;7;4;1;1;1;1;1;1;1;0;1;1;1;1;1;0;1;1;1;1;1;1;1;1;1;1;0;1;1;1;1;1;1;1;0;1;1;1;1;0;0;0;0;0;0;0;0;0;0;0;0;0;;true;true;true;true;false;false;false;true;true;true;true;true;true;true;false;false;false;false;false;false;false;false;false;false;false;true;true;false;false;true;true;true;true;false;false;false;false;false;false;true;false;false;false;false;true;false;false;false;false;true;false;true;false;false;false;0;0;0;0;0;0;0;0;0;0;0;0;4;0;6;3;1;3;0;0;0;4;0;6;0;0;0;4;0;1;0;-1;0;0;0;1;0;0;4;0;0;6;0;0;4;0;
0;;;;13;4;116;0;12;0;0;9;7;7;4;1;1;1;1;1;1;1;0;1;1;1;1;1;1;1;1;1;1;1;1;1;1;1;1;0;1;1;1;1;1;1;1;0;1;1;1;1;0;0;0;0;0;0;0;0;0;0;0;0;0;;true;true;true;true;false;false;false;true;true;true;true;true;true;true;false;false;false;false;false;false;false;false;false;false;false;true;true;false;false;true;true;true;true;false;false;false;false;false;false;true;false;false;false;false;true;false;false;false;false;true;false;true;false;false;false;0;0;0;0;0;0;0;0;0;0;0;0;4;0;6;3;1;3;0;0;0;4;0;6;0;0;0;4;0;1;0;-1;0;0;0;1;0;0;4;0;0;6;0;0;4;0;
0;;;;13;4;114;0;12;0;0;9;7;7;4;1;1;1;1;1;1;1;0;1;1;1;1;1;1;1;1;1;1;1;1;1;1;1;1;0;1;1;1;1;1;1;1;0;1;1;1;1;0;0;0;0;0;0;0;0;0;0;0;0;0;;true;true;true;true;false;false;false;true;true;true;true;true;true;true;false;false;false;false;false;false;false;false;false;false;false;true;true;false;false;true;true;true;true;false;false;false;false;false;false;true;false;false;false;false;true;false;false;false;false;true;false;true;false;false;false;0;0;0;0;0;0;0;0;0;0;0;0;4;0;6;3;1;3;0;0;0;4;0;6;0;0;0;4;0;1;0;-1;0;0;0;1;0;0;4;0;0;6;0;0;4;0;
0;;;;13;4;114;0;10;0;0;9;7;7;4;1;1;1;1;1;1;1;0;1;1;1;1;1;1;1;1;1;1;1;1;1;1;1;1;0;1;0;1;1;1;1;1;0;1;1;1;1;0;0;0;0;0;0;0;0;0;0;0;0;0;;true;true;true;true;false;false;false;true;true;true;true;true;true;true;false;false;false;false;false;false;false;false;false;false;false;true;true;false;false;true;true;true;true;false;false;false;false;false;false;true;false;false;false;false;true;false;false;false;false;true;false;true;false;false;false;0;0;0;0;0;0;0;0;0;0;0;0;4;0;6;3;1;3;0;0;0;4;0;6;0;0;0;4;0;1;0;-1;0;0;0;1;0;0;4;0;0;6;0;0;4;0;
0;;;;13;4;44;0;10;0;0;9;7;7;4;1;1;1;1;1;1;1;0;1;1;1;1;1;1;1;1;1;1;1;1;1;1;1;1;0;1;0;1;1;1;1;1;0;1;1;1;1;0;0;0;0;0;0;0;0;0;0;0;0;0;;true;true;true;true;false;false;false;true;true;true;true;true;true;true;false;false;false;false;false;false;false;false;false;false;false;true;true;false;false;true;true;true;true;false;false;false;false;false;false;true;false;false;false;false;true;false;false;false;false;true;false;true;false;false;false;0;0;0;0;0;0;0;0;0;0;0;0;4;0;6;3;1;3;0;0;0;4;0;6;0;0;0;4;0;1;0;-1;0;0;0;1;0;0;4;0;0;6;0;0;4;0;
0;;;;13;4;53;0;10;0;0;9;7;7;4;1;1;1;1;1;1;1;0;1;1;1;1;1;1;1;1;1;1;1;1;1;1;1;1;0;1;1;1;1;1;1;1;0;1;1;1;1;0;0;0;0;0;0;0;0;0;0;0;0;0;;true;true;true;true;false;false;false;true;true;true;true;true;true;true;false;false;false;false;false;false;false;false;false;false;false;true;true;false;false;true;true;true;true;false;false;false;false;false;false;true;false;false;false;false;true;false;false;false;false;true;false;true;false;false;false;0;0;0;0;0;0;0;0;0;0;0;0;4;0;6;3;1;3;0;0;0;4;0;6;0;0;0;4;0;1;0;-1;0;0;0;1;0;0;4;0;0;6;0;0;4;0;
0;;;;13;4;53;0;4;0;0;9;7;7;4;1;1;1;1;1;1;1;0;1;1;1;1;1;1;1;1;1;1;1;1;1;1;1;1;0;1;1;1;1;1;1;1;1;1;1;1;1;0;0;0;0;0;0;0;0;0;0;0;0;0;;true;true;true;true;false;false;false;true;true;true;true;true;true;true;false;false;false;false;false;false;false;false;false;false;false;true;true;false;false;true;true;true;true;false;false;false;false;false;false;true;false;false;false;false;true;false;false;false;false;true;false;true;false;false;false;0;0;0;0;0;0;0;0;0;0;0;0;4;0;6;3;1;3;0;0;0;4;0;6;0;0;0;4;0;1;0;-1;0;0;0;1;0;0;4;0;0;6;0;0;4;0;
0;;;;13;4;113;0;4;0;0;9;7;7;4;1;1;1;1;1;1;1;0;1;1;1;0;1;1;1;1;1;1;1;1;1;1;1;1;0;1;1;1;1;1;1;1;1;1;1;1;1;0;0;0;0;0;0;0;0;0;0;0;0;0;;true;true;true;true;false;false;false;true;true;true;true;true;true;true;false;false;false;false;false;false;false;false;false;false;false;true;true;false;false;true;true;true;true;false;false;false;false;false;false;true;false;false;false;false;true;false;false;false;false;true;false;true;false;false;false;0;0;0;0;0;0;0;0;0;0;0;0;4;0;6;3;1;3;0;0;0;4;0;6;0;0;0;4;0;1;0;-1;0;0;0;1;0;0;4;0;0;6;0;0;4;0;
0;;;;13;2;113;0;4;0;0;9;7;7;4;1;1;1;1;1;1;1;0;1;1;1;1;1;1;1;1;1;1;1;1;1;1;1;1;0;1;1;1;1;1;1;1;1;1;1;1;1;0;0;0;0;0;0;0;0;0;0;0;0;0;;true;true;true;true;false;false;false;true;true;true;true;true;true;true;false;false;false;false;false;false;false;false;false;false;false;true;true;false;false;true;true;true;true;false;false;false;false;false;false;true;false;false;false;false;true;false;false;false;false;true;false;true;false;false;false;0;0;0;0;0;0;0;0;0;0;0;0;4;0;6;3;1;3;0;0;0;4;0;6;0;0;0;4;0;1;0;-1;0;0;0;1;0;0;4;0;0;6;0;0;4;0;
0;;;;13;3;113;0;4;0;0;9;7;7;2;1;1;1;1;1;1;1;0;1;1;1;1;1;1;1;1;1;1;1;1;1;1;1;1;0;1;1;1;1;1;1;1;1;1;1;1;1;0;0;0;0;0;0;0;0;0;0;0;0;0;;true;true;true;true;false;false;false;true;true;true;true;true;true;true;false;false;false;false;false;false;false;false;false;false;false;true;true;false;false;true;true;true;true;false;false;false;false;false;false;true;false;false;false;false;true;false;false;false;false;true;false;true;false;false;false;0;0;0;0;0;0;0;0;0;0;0;0;4;0;6;3;1;3;0;0;0;4;0;6;0;0;0;4;0;1;0;-1;0;0;0;1;0;0;4;0;0;6;0;0;4;0;
0;;;;13;3;113;0;4;0;0;9;7;7;0;1;1;1;1;1;1;1;0;1;1;1;1;1;1;1;1;1;1;1;1;1;1;1;1;0;1;1;1;1;1;1;1;1;1;1;1;1;0;0;0;0;0;0;0;0;0;0;0;0;0;;true;true;true;true;false;false;false;true;true;true;true;true;true;true;false;false;false;false;false;false;false;false;false;false;false;true;true;false;false;true;true;true;true;false;false;false;false;false;false;true;false;false;false;false;true;false;false;false;false;true;false;true;false;false;false;0;0;0;0;0;0;0;0;0;0;0;0;4;0;6;3;1;3;0;0;0;4;0;6;0;0;0;4;0;1;0;-1;0;0;0;1;0;0;4;0;0;6;0;0;4;0;
0;;;;13;4;113;0;4;0;0;9;7;7;0;1;1;1;1;1;1;1;0;1;1;0;1;1;1;1;1;1;1;1;1;1;1;1;1;0;1;1;1;1;1;1;1;1;1;1;1;1;0;0;0;0;0;0;0;0;0;0;0;0;0;;true;true;true;true;false;false;false;true;true;true;true;true;true;true;false;false;false;false;false;false;false;false;false;false;false;true;true;false;false;true;true;true;true;false;false;false;false;false;false;true;false;false;false;false;true;false;false;false;false;true;false;true;false;false;false;0;0;0;0;0;0;0;0;0;0;0;0;4;0;6;3;1;3;0;0;0;4;0;6;0;0;0;4;0;1;0;-1;0;0;0;1;0;0;4;0;0;6;0;0;4;0;
0;;;;13;4;115;0;4;0;0;9;7;7;0;1;1;1;1;1;1;1;0;1;1;1;1;1;1;1;1;1;1;1;1;1;1;1;1;0;1;1;1;1;1;1;1;1;1;1;1;1;0;0;0;0;0;0;0;0;0;0;0;0;0;;true;true;true;true;false;false;false;true;true;true;true;true;true;true;false;false;false;false;false;false;false;false;false;false;false;true;true;false;false;true;true;true;true;false;false;false;false;false;false;true;false;false;false;false;true;false;false;false;false;true;false;true;false;false;false;0;0;0;0;0;0;0;0;0;0;0;0;4;0;6;3;1;3;0;0;0;4;0;6;0;0;0;4;0;1;0;-1;0;0;0;1;0;0;4;0;0;6;0;0;4;0;
0;;;;13;4;115;0;4;0;0;9;7;7;1;1;1;1;1;1;1;1;0;1;1;1;1;1;1;1;1;1;1;1;1;1;1;1;1;0;1;1;1;1;1;1;1;1;1;1;1;1;0;0;0;0;0;0;0;0;0;0;0;0;0;;true;true;true;true;false;false;false;true;true;true;true;true;true;true;false;false;false;false;false;false;false;false;false;false;false;true;true;false;false;true;true;true;true;false;false;false;false;false;false;true;false;false;false;false;true;false;false;false;false;true;false;true;false;false;false;0;0;0;0;0;0;0;0;0;0;0;0;4;0;6;3;1;3;0;0;0;4;0;6;0;0;0;4;0;1;0;-1;0;0;0;1;0;0;4;0;0;6;0;0;5;0;
0;;;;13;4;115;0;4;0;0;9;7;7;3;1;1;1;1;1;1;1;0;1;1;1;1;1;1;1;1;1;1;1;1;1;1;1;1;0;1;1;1;1;1;1;1;1;1;1;1;1;0;0;0;0;0;0;0;0;0;0;0;0;0;;true;true;true;true;false;false;false;true;true;true;true;true;true;true;false;false;false;false;false;false;false;false;false;false;false;true;true;false;false;true;true;true;true;false;false;false;false;false;false;true;false;false;false;false;true;false;false;false;false;true;false;true;false;false;false;0;0;0;0;0;0;0;0;0;0;0;0;4;0;6;3;1;3;0;0;0;4;0;6;0;0;0;5;0;1;0;-1;0;0;0;1;0;0;4;0;0;6;0;0;5;0;
0;;;;13;4;117;0;4;0;0;9;7;7;3;1;1;1;1;1;1;1;0;1;1;1;1;1;1;1;1;1;1;1;1;1;1;1;1;0;1;1;1;1;1;1;1;1;1;1;1;1;0;0;0;0;0;0;0;0;0;0;0;0;0;;true;true;true;true;false;false;false;true;true;true;true;true;true;true;false;false;false;false;false;false;false;false;false;false;false;true;true;false;false;true;true;true;true;false;false;false;false;false;false;true;false;false;false;false;true;false;false;false;false;true;false;true;false;false;false;0;0;0;0;0;0;0;0;0;0;0;0;4;0;6;3;1;3;0;0;0;4;0;6;0;0;0;5;0;1;0;-1;0;0;0;1;0;0;4;0;0;6;0;0;5;0;
0;;;;13;4;119;0;4;0;0;9;7;7;3;1;1;1;1;1;1;1;0;1;1;1;1;1;1;1;1;1;1;1;1;1;1;1;1;0;1;1;1;1;1;1;1;1;1;1;1;1;0;0;0;0;0;0;0;0;0;0;0;0;0;;true;true;true;true;false;false;false;true;true;true;true;true;true;true;false;false;false;false;false;false;false;false;false;false;false;true;true;false;false;true;true;true;true;false;false;false;false;false;false;true;false;false;false;false;true;false;false;false;false;true;false;true;false;false;false;0;0;0;0;0;0;0;0;0;0;0;0;4;0;6;3;1;3;0;0;0;4;0;6;0;0;0;5;0;1;0;-1;0;0;0;1;0;0;4;0;0;6;0;0;5;0;
0;;;;13;4;119;0;4;0;0;9;7;7;4;1;1;1;1;1;1;1;0;1;1;1;1;1;1;1;1;1;1;1;1;1;1;1;1;0;1;1;1;1;1;1;1;1;1;1;1;1;0;0;0;0;0;0;0;0;0;0;0;0;0;;true;true;true;true;false;false;false;true;true;true;true;true;true;true;false;false;false;false;false;false;false;false;false;false;false;true;true;false;false;true;true;true;true;false;false;false;false;false;false;true;false;false;false;false;true;false;false;false;false;true;false;true;false;false;false;0;0;0;0;0;0;0;0;0;0;0;0;4;0;6;3;1;3;0;0;0;4;0;6;0;0;0;5;0;1;0;-1;0;0;0;1;0;0;4;0;0;6;0;0;5;0;
0;;;;13;4;116;0;4;0;0;9;7;7;4;1;1;1;1;1;1;1;0;1;1;1;1;1;0;1;1;1;1;1;1;1;1;1;1;0;1;1;1;1;1;1;1;1;1;1;1;1;0;0;0;0;0;0;0;0;0;0;0;0;0;;true;true;true;true;false;false;false;true;true;true;true;true;true;true;false;false;false;false;false;false;false;false;false;false;false;true;true;false;false;true;true;true;true;false;false;false;false;false;false;true;false;false;false;false;true;false;false;false;false;true;false;true;false;false;false;0;0;0;0;0;0;0;0;0;0;0;0;4;0;6;3;1;3;0;0;0;4;0;6;0;0;0;5;0;1;0;-1;0;0;0;1;0;0;4;0;0;6;0;0;5;0;
0;;;;13;4;114;0;4;0;0;9;7;7;4;1;1;1;1;1;1;1;0;1;1;1;1;1;0;1;1;1;1;1;1;1;1;1;1;0;1;1;1;1;1;1;1;1;1;1;1;1;0;0;0;0;0;0;0;0;0;0;0;0;0;;true;true;true;true;false;false;false;true;true;true;true;true;true;true;false;false;false;false;false;false;false;false;false;false;false;true;true;false;false;true;true;true;true;false;false;false;false;false;false;true;false;false;false;false;true;false;false;false;false;true;false;true;false;false;false;0;0;0;0;0;0;0;0;0;0;0;0;4;0;6;3;1;3;0;0;0;4;0;6;0;0;0;5;0;1;0;-1;0;0;0;1;0;0;4;0;0;6;0;0;5;0;
0;;;;13;4;44;0;4;0;0;9;7;7;4;1;1;1;1;1;1;1;0;1;1;1;1;1;0;1;1;1;1;1;1;1;1;1;1;0;1;1;1;1;1;1;1;1;1;1;1;1;0;0;0;0;0;0;0;0;0;0;0;0;0;;true;true;true;true;false;false;false;true;true;true;true;true;true;true;false;false;false;false;false;false;false;false;false;false;false;true;true;false;false;true;true;true;true;false;false;false;false;false;false;true;false;false;false;false;true;false;false;false;false;true;false;true;false;false;false;0;0;0;0;0;0;0;0;0;0;0;0;4;0;6;3;1;3;0;0;0;4;0;6;0;0;0;5;0;1;0;-1;0;0;0;1;0;0;4;0;0;6;0;0;5;0;
0;;;;13;4;44;0;6;0;0;9;7;7;4;1;1;1;1;1;1;1;0;1;1;1;1;1;1;1;1;1;1;1;1;1;1;1;1;0;1;1;1;1;1;1;1;1;1;1;1;1;0;0;0;0;0;0;0;0;0;0;0;0;0;;true;true;true;true;false;false;false;true;true;true;true;true;true;true;false;false;false;false;false;false;false;false;false;false;false;true;true;false;false;true;true;true;true;false;false;false;false;false;false;true;false;false;false;false;true;false;false;false;false;true;false;true;false;false;false;0;0;0;0;0;0;0;0;0;0;0;0;4;0;6;3;1;3;0;0;0;4;0;6;0;0;0;5;0;1;0;-1;0;0;0;1;0;0;4;0;0;6;0;0;5;0;
0;;;;13;4;44;0;8;0;0;9;7;7;4;1;1;1;1;1;1;1;0;1;1;1;1;1;1;1;1;1;1;1;1;1;1;1;1;0;1;1;1;1;1;1;1;1;1;1;1;1;0;0;0;0;0;0;0;0;0;0;0;0;0;;true;true;true;true;false;false;false;true;true;true;true;true;true;true;false;false;false;false;false;false;false;false;false;false;false;true;true;false;false;true;true;true;true;false;false;false;false;false;false;true;false;false;false;false;true;false;false;false;false;true;false;true;false;false;false;0;0;0;0;0;0;0;0;0;0;0;0;4;0;6;3;1;3;0;0;0;4;0;6;0;0;0;5;0;1;0;-1;0;0;0;1;0;0;4;0;0;6;0;0;5;0;
0;;;;13;4;44;0;5;0;0;9;7;7;4;1;1;1;1;1;1;1;0;1;1;1;1;1;1;1;1;1;1;1;1;1;1;1;1;0;1;0;1;1;1;1;1;1;1;1;1;1;0;0;0;0;0;0;0;0;0;0;0;0;0;;true;true;true;true;false;false;false;true;true;true;true;true;true;true;false;false;false;false;false;false;false;false;false;false;false;true;true;false;false;true;true;true;true;false;false;false;false;false;false;true;false;false;false;false;true;false;false;false;false;true;false;true;false;false;false;0;0;0;0;0;0;0;0;0;0;0;0;4;0;6;3;1;2;0;0;0;4;0;6;0;0;0;5;0;1;0;-1;0;0;0;1;0;0;4;0;0;6;0;0;5;0;
0;;;;13;4;55;0;5;0;0;9;7;7;4;1;1;1;1;1;1;1;0;1;1;1;1;1;1;1;1;1;1;1;1;1;1;1;1;0;1;1;1;1;1;1;1;1;1;1;1;1;0;0;0;0;0;0;0;0;0;0;0;0;0;;true;true;true;true;false;false;false;true;true;true;true;true;true;true;false;false;false;false;false;false;false;false;false;false;false;true;true;false;false;true;true;true;true;false;false;false;false;false;false;true;false;false;false;false;true;false;false;false;false;true;false;true;false;false;false;0;0;0;0;0;0;0;0;0;0;0;0;4;0;6;3;1;2;0;0;0;4;0;6;0;0;0;5;0;1;0;-1;0;0;0;1;0;0;4;0;0;6;0;0;5;0;
0;;;;13;4;57;0;5;0;0;9;7;7;4;1;1;1;1;1;1;1;0;1;1;1;1;1;1;1;1;1;1;1;1;1;1;1;1;0;1;1;1;1;1;1;1;1;1;1;1;1;0;0;0;0;0;0;0;0;0;0;0;0;0;;true;true;true;true;false;false;false;true;true;true;true;true;true;true;false;false;false;false;false;false;false;false;false;false;false;true;true;false;false;true;true;true;true;false;false;false;false;false;false;true;false;false;false;false;true;false;false;false;false;true;false;true;false;false;false;0;0;0;0;0;0;0;0;0;0;0;0;4;0;6;3;1;2;0;0;0;4;0;6;0;0;0;5;0;1;0;-1;0;0;0;1;0;0;4;0;0;6;0;0;5;0;
0;;;;13;4;54;0;5;0;0;9;7;7;4;1;1;1;1;1;1;1;0;1;1;1;1;1;1;1;1;1;0;1;1;1;1;1;1;0;1;1;1;1;1;1;1;1;1;1;1;1;0;0;0;0;0;0;0;0;0;0;0;0;0;;true;true;true;true;false;false;false;true;true;true;true;true;true;true;false;false;false;true;false;false;false;false;false;false;false;true;true;false;false;true;true;true;true;false;false;false;false;false;false;true;false;false;false;false;true;false;false;false;false;true;false;true;false;false;false;0;0;0;0;0;0;0;0;0;0;0;0;4;0;6;3;1;2;0;0;0;4;0;6;0;0;0;5;0;1;0;-1;0;0;0;1;0;0;4;0;0;6;0;0;5;0;
0;;;;13;4;54;0;0;0;0;9;7;7;4;1;1;1;1;1;1;1;0;1;1;1;1;1;1;1;1;1;0;1;1;1;1;1;1;0;1;1;1;1;1;1;1;1;1;1;1;1;0;0;0;0;0;0;0;0;0;0;0;0;0;;true;true;true;true;false;false;false;true;true;true;true;true;true;true;false;false;false;true;false;false;false;false;false;false;false;true;true;false;false;true;true;true;true;false;false;false;false;false;false;true;false;false;false;false;true;false;false;false;false;true;false;true;false;false;false;0;0;0;0;0;0;0;0;0;0;0;0;4;0;6;3;1;2;0;0;0;4;0;6;0;0;0;5;0;1;0;-1;0;0;0;1;0;0;4;0;0;6;0;0;5;0;
0;;;;13;4;54;0;1;0;0;9;7;7;4;1;1;1;1;1;1;1;0;1;1;1;1;1;1;1;1;1;1;1;1;1;1;1;1;0;1;1;1;1;1;1;1;1;1;1;1;1;0;0;0;0;0;0;0;0;0;0;0;0;0;;true;true;true;true;false;false;false;true;true;true;true;true;true;true;false;false;false;true;false;false;false;false;false;false;false;true;true;false;false;true;true;true;true;false;false;false;false;false;false;true;false;false;false;false;true;false;false;false;false;true;false;true;false;false;false;0;0;0;0;0;0;0;0;0;0;0;0;4;0;6;3;1;2;0;0;0;4;0;6;0;0;0;5;0;1;0;-1;0;0;0;1;0;0;4;0;0;6;0;0;5;0;
0;;;;13;4;1;0;1;0;0;9;7;7;4;1;1;1;1;1;1;1;0;1;1;1;1;1;1;1;1;1;1;1;1;1;1;1;1;0;1;1;1;1;1;1;1;1;1;1;1;1;0;0;0;0;0;0;0;0;0;0;0;0;0;;true;true;true;true;false;false;false;true;true;true;true;true;true;true;false;false;false;true;false;false;false;false;false;false;false;true;true;false;false;true;true;true;true;false;false;false;false;false;false;true;false;false;false;false;true;false;false;false;false;true;false;true;false;false;false;0;0;0;0;0;0;0;0;0;0;0;0;4;0;6;3;1;2;0;0;0;4;0;6;0;0;0;5;0;1;0;-1;0;0;0;1;0;0;4;0;0;6;0;0;5;0;
0;;;;13;4;1;0;0;0;0;9;7;7;4;1;1;1;1;1;1;1;0;1;1;1;1;1;1;1;1;1;1;1;1;1;0;1;1;0;1;1;1;1;1;1;1;1;1;1;1;1;0;0;0;0;0;0;0;0;0;0;0;0;0;;true;true;true;true;false;false;false;true;true;true;true;true;true;true;false;false;false;true;false;false;false;true;false;false;false;true;true;false;false;true;true;true;true;false;false;false;false;false;false;true;false;false;false;false;true;false;false;false;false;true;false;true;false;false;false;0;0;0;0;0;0;0;0;0;0;0;0;4;0;6;3;1;2;0;0;0;4;0;6;0;0;0;5;0;1;0;-1;0;0;0;1;0;0;4;0;0;6;0;0;5;0;
0;;;;13;4;5;0;0;0;0;9;7;7;4;1;1;1;1;1;1;1;0;1;1;1;1;1;1;1;1;1;1;1;1;1;1;1;1;0;1;1;1;1;1;1;1;1;1;1;1;1;0;0;0;0;0;0;0;0;0;0;0;0;0;;true;true;true;true;false;false;false;true;true;true;true;true;true;true;false;false;false;true;false;false;false;true;false;false;false;true;true;false;false;true;true;true;true;false;false;false;false;false;false;true;false;false;false;false;true;false;false;false;false;true;false;true;false;false;false;0;0;0;0;0;0;0;0;0;0;0;0;4;0;6;3;1;2;0;0;0;4;0;6;0;0;0;5;0;1;0;-1;0;0;0;1;0;0;4;0;0;6;0;0;5;0;
0;;;;13;4;113;0;0;0;0;9;7;7;4;1;1;1;1;1;1;1;0;1;1;1;0;1;1;1;1;1;1;1;1;1;1;1;1;0;1;1;1;1;1;1;1;1;1;1;1;1;0;0;0;0;0;0;0;0;0;0;0;0;0;;true;true;true;true;false;false;false;true;true;true;true;true;true;true;false;false;false;true;false;false;false;true;false;false;false;true;true;false;false;true;true;true;true;false;false;false;false;false;false;true;false;false;false;false;true;false;false;false;false;true;false;true;false;false;false;0;0;0;0;0;0;0;0;0;0;0;0;4;0;6;2;1;2;0;0;0;4;0;6;0;0;0;5;0;1;0;-1;0;0;0;1;0;0;4;0;0;6;0;0;5;0;
0;;;;13;0;113;0;0;0;0;9;7;7;4;1;1;1;1;1;1;1;0;1;1;1;1;1;1;1;1;1;1;1;1;1;1;1;1;0;1;1;1;1;1;1;1;1;1;1;1;1;0;0;0;0;0;0;0;0;0;0;0;0;0;;true;true;true;true;false;false;false;true;true;true;true;true;true;true;false;false;false;true;false;false;false;true;false;false;false;true;true;false;false;true;true;true;true;false;false;false;false;false;false;true;false;false;false;false;true;false;false;false;false;true;false;true;false;false;false;0;0;0;0;0;0;0;0;0;0;0;0;4;0;6;2;1;2;0;0;0;4;0;6;0;0;0;5;0;1;0;-1;0;0;0;1;0;0;4;0;0;6;0;0;5;0;
0;;Not verified;;;;;;;;;;;;;;;;;;;;;;;;;;;;;;;;;;;;;;;;;;;;;;;;;;;;;;;;;;;;;;;;;;;;;;;;;;;;;;;;;;;;;;;;;;;;;;;;;;;;;;;;;;;;;;;;;;;;;;;;;;;;;;;;;;;;;;;;;;;;;;;;;;;;;;;;;;;;;;;;;;;;;
